tx_nome_parlamentar;sg_uf;sg_partido;manutencao_de_escritorio_de_apoio_a_atividade_parlamentar;combustiveis_e_lubrificantes;consultorias_pesquisas_e_trabalhos_tecnicos;divulgacao_da_atividade_parlamentar;passagem_aerea_reembolso;telefonia;servicos_postais;fornecimento_de_alimentacao_do_parlamentar;hospedagem_exceto_do_parlamentar_no_distrito_federal;locacao_ou_fretamento_de_aeronaves;servico_de_taxi_pedagio_e_estacionamento;passagem_aerea_rpa;locacao_ou_fretamento_de_veiculos_automotores;passagem_aerea_sigepa;passagens_terrestres_maritimas_ou_fluviais;servico_de_seguranca_prestado_por_empresa_especializada;assinatura_de_publicacoes;aquisicao_de_tokens_e_certificados_digitais;locacao_ou_fretamento_de_embarcacoes;participacao_em_curso_palestra_ou_evento_similar
Danilo Forte;CE;UNIÃO;36673,68;23277,07;26988,00;138979,30;27015,42;3505,15;2543,79;4034,22;16998,59;10500,0;162,01;107006,19;0,00;0,00;0,00;0,00;0,00;0,00;0;0
Norma Ayub;ES;PP;97311,26;31922,24;0,00;5050,00;0,00;6150,90;1874,30;0,00;1722,85;0,0;0,00;5626,97;81395,94;43997,34;0,00;0,00;0,00;0,00;0;0
Fausto Pinato;SP;PP;8407,40;45292,44;0,00;59200,00;0,00;11028,85;3282,14;0,00;5753,98;0,0;11932,50;0,00;88138,00;87065,36;341,40;0,00;0,00;0,00;0;0
Iracema Portella;PI;PP;0,00;0,00;22500,00;60000,00;0,00;2086,49;355,51;0,00;0,00;0,0;0,00;74003,81;1750,00;0,00;0,00;0,00;0,00;0,00;0;0
Fábio Henrique;SE;UNIÃO;249,99;33284,23;115000,00;67736,00;0,00;1997,32;789,14;0,00;0,00;0,0;0,00;41450,31;77500,00;31348,81;0,00;0,00;0,00;0,00;0;0
Bacelar;BA;PV;46245,41;22703,42;65849,00;26000,00;0,00;5640,54;1597,54;0,00;0,00;0,0;0,00;0,00;88275,00;57372,92;0,00;0,00;0,00;0,00;0;0
Felipe Carreras;PE;PSB;1079,75;0,00;0,00;0,00;1096,69;115,93;352,35;0,00;9847,68;0,0;0,00;5124,16;0,00;151657,82;0,00;0,00;0,00;0,00;0;0
Arlindo Chinaglia;SP;PT;50156,29;13263,07;0,00;34380,00;5454,23;25860,81;175,13;1214,90;1870,31;0,0;7859,70;2080,72;15000,00;86275,59;229,60;209,16;2160,00;0,00;0;0
Celso Russomanno;SP;REPUBLICANOS;13645,65;32008,92;0,00;0,00;0,00;20350,41;349,11;1604,14;2324,73;0,0;1443,89;39989,92;0,00;57901,90;0,00;0,00;0,00;0,00;0;0
Gustavo Fruet;PR;PDT;21484,13;9691,49;0,00;214835,62;0,00;3458,08;395,35;0,00;6740,50;0,0;0,00;23960,65;47921,00;35359,65;856,45;0,00;0,00;0,00;0;0
Osmar Serraglio;PR;PP;41677,80;52773,57;61656,21;0,00;0,00;8001,38;481,78;8483,10;20315,75;0,0;697,49;0,00;102298,40;32394,72;0,00;0,00;0,00;0,00;0;0
Rubens Bueno;PR;CIDADANIA;22826,70;13317,52;24702,00;40658,60;608,96;9653,71;3689,68;3916,95;3743,74;0,0;0,00;121781,16;20232,21;0,00;0,00;0,00;0,00;0,00;0;0
Henrique Fontana;RS;PT;44101,96;42652,25;0,00;0,00;0,00;31459,43;73,50;745,89;12200,50;0,0;5691,04;527,80;51657,98;58543,45;0,00;0,00;0,00;0,00;0;0
Pompeo de Mattos;RS;PDT;31457,12;39027,37;36000,00;83921,43;0,00;6184,88;19364,94;120,00;4275,00;0,0;0,00;15866,74;85182,04;40369,53;0,00;0,00;0,00;0,00;0;0
Ivan Valente;SP;PSOL;40229,12;11298,47;0,00;72600,00;0,00;4849,99;1579,39;0,00;0,00;0,0;0,00;24199,35;20127,88;105681,36;0,00;0,00;0,00;0,00;0;0
Júlio Delgado;MG;PV;37771,88;38588,69;0,00;43915,00;0,00;11979,71;596,63;286,49;1921,10;0,0;1789,50;9861,71;58225,69;42274,48;247,99;0,00;0,00;0,00;0;0
Rui Falcão;SP;PT;65552,82;34524,72;0,00;47650,00;9779,72;3101,51;572,17;1133,30;0,00;0,0;0,00;873,48;38800,00;102108,74;0,00;0,00;0,00;0,00;0;0
Osmar Terra;RS;MDB;42313,24;40935,29;20000,00;48500,00;2633,23;9162,28;2284,11;8635,76;55964,36;0,0;560,10;4691,47;36379,93;80001,65;0,00;0,00;0,00;0,00;0;0
Angela Amin;SC;PP;63254,64;40552,28;3580,00;36000,00;6482,31;16753,59;4063,22;720,93;4199,80;0,0;0,00;3104,92;68400,00;86732,18;0,00;0,00;0,00;0,00;0;0
Benedita da Silva;RJ;PT;83562,66;18296,29;0,00;103400,00;0,00;7019,60;2405,09;835,24;0,00;0,0;12,18;0,00;7000,00;55948,56;0,00;0,00;0,00;0,00;0;0
Hermes Parcianello;PR;MDB;58827,10;31580,73;2500,00;118165,20;8487,84;6826,32;9804,56;107,40;4763,69;0,0;0,00;6743,00;39519,65;37010,25;0,00;0,00;0,00;0,00;0;0
Ricardo Barros;PR;PP;44823,14;34309,21;0,00;66500,00;0,00;12787,74;1070,40;0,00;0,00;0,0;0,00;2580,39;0,00;125848,86;0,00;0,00;0,00;0,00;0;0
Renildo Calheiros;PE;PCdoB;86160,14;26243,81;0,00;1000,00;0,00;7754,42;799,67;0,00;7225,62;0,0;0,00;0,00;58500,00;88390,88;0,00;0,00;0,00;0,00;0;0
Sérgio Brito;BA;PSD;43359,84;35234,11;60000,00;60600,00;0,00;3509,70;2388,93;1908,83;2309,45;0,0;28,60;101588,78;11089,18;22983,54;463,19;0,00;0,00;0,00;0;0
Perpétua Almeida;AC;PCdoB;40028,99;36636,93;0,00;94716,98;11135,05;10694,42;223,29;0,00;6340,18;2500,0;1487,90;18296,50;53300,00;114230,39;0,00;0,00;0,00;0,00;0;0
Wellington Roberto;PB;PL;4500,00;14772,80;96000,00;148000,10;300,00;2516,98;425,22;0,00;0,00;0,0;250,00;30078,75;35100,00;28717,43;0,00;0,00;0,00;0,00;0;0
Wilson Santiago;PB;REPUBLICANOS;30521,67;30068,33;74320,00;83000,00;74721,51;2882,78;101,49;2642,90;18816,53;0,0;0,00;0,00;0,00;0,00;0,00;0,00;0,00;0,00;0;0
Bosco Costa;SE;PL;62191,17;4997,94;120000,00;20000,00;2630,73;6385,17;162,14;0,00;0,00;0,0;0,00;3184,57;100800,00;58508,08;0,00;0,00;0,00;0,00;0;0
Alice Portugal;BA;PCdoB;33964,02;34477,56;108000,00;52451,00;0,00;12353,32;782,31;0,00;0,00;0,0;0,00;34260,44;2155,77;101039,47;187,45;0,00;0,00;0,00;0;0
Daniel Almeida;BA;PCdoB;49336,30;33318,99;7400,00;145819,50;1454,94;8550,05;292,26;0,00;0,00;0,0;0,00;0,00;57400,00;51821,42;0,00;0,00;0,00;0,00;0;0
Elcione Barbalho;PA;MDB;17310,51;21442,32;2900,00;55000,00;0,00;29583,04;8744,63;1230,34;0,00;8000,0;0,00;92282,95;0,00;89982,15;0,00;0,00;0,00;0,00;0;0
José Priante;PA;MDB;8718,28;140,00;0,00;0,00;0,00;570,07;128,84;0,00;0,00;0,0;0,00;17154,15;59940,00;156863,64;0,00;0,00;0,00;0,00;0;0
Átila Lins;AM;PSD;0,00;0,00;0,00;62000,00;50668,27;17958,76;697,07;0,00;0,00;122740,5;0,00;111583,71;0,00;10603,86;0,00;0,00;0,00;0,00;0;0
Josias Gomes;BA;PT;35915,60;25404,47;100000,00;12500,00;0,00;5758,06;491,45;0,00;630,00;0,0;0,00;588,45;22500,00;26867,26;0,00;0,00;0,00;0,00;0;0
Leonardo Monteiro;MG;PT;71232,42;53440,95;27000,00;29600,00;0,00;7235,07;9309,46;0,00;60,00;0,0;0,00;87782,44;80000,00;0,00;0,00;0,00;0,00;0,00;0;0
Mário Heringer;MG;PDT;50000,00;4281,73;0,00;59157,00;0,00;64,30;6018,99;0,00;0,00;0,0;0,00;154825,76;0,00;0,00;0,00;0,00;0,00;0,00;0;0
Odair Cunha;MG;PT;21728,91;27839,24;0,00;63790,59;0,00;11903,00;271,29;383,02;11419,66;0,0;535,48;18819,46;54905,00;93746,31;0,00;0,00;0,00;0,00;0;0
Patrus Ananias;MG;PT;111721,07;34282,43;10000,00;69244,14;1581,13;5117,10;6842,96;0,00;22821,05;0,0;12756,28;44184,10;11450,70;0,00;2759,62;0,00;0,00;0,00;0;0
Reginaldo Lopes;MG;PT;57322,07;28108,29;0,00;24709,39;0,00;8610,49;1272,87;0,00;3790,75;0,0;0,00;99692,05;36487,88;25317,72;0,00;0,00;815,10;0,00;0;0
Neucimar Fraga;ES;PP;54428,95;36734,33;29800,00;105025,00;0,00;2156,39;540,16;0,00;11702,29;0,0;0,00;0,00;57500,00;53573,12;0,00;0,00;0,00;0,00;0;0
Gastão Vieira;MA;PROS;202,40;9278,78;30000,00;35500,00;0,00;5005,86;3175,99;0,00;0,00;0,0;0,00;2214,46;18000,00;18395,92;0,00;0,00;0,00;0,00;0;0
Aníbal Gomes;CE;UNIÃO;0,00;0,00;0,00;2700,00;0,00;0,08;0,00;0,00;0,00;0,0;0,00;0,00;0,00;0,00;0,00;0,00;0,00;0,00;0;0
Julio Lopes;RJ;PP;0,00;4869,00;10000,00;24500,00;0,00;18,96;0,00;0,00;0,00;0,0;0,00;28641,41;24000,00;7962,20;0,00;0,00;0,00;0,00;0;0
Leonardo Picciani;RJ;MDB;0,00;8000,20;0,00;66000,00;0,00;3143,67;218,13;0,00;0,00;0,0;0,00;0,00;25500,00;35535,90;0,00;0,00;0,00;0,00;0;0
Carlos Sampaio;SP;PSDB;49559,87;31313,97;0,00;113230,00;991,10;9448,14;348,69;0,00;2501,52;0,0;0,00;50565,85;44806,56;11014,24;0,00;2589,54;0,00;0,00;0;0
Gilberto Nascimento;SP;PSC;36813,50;62955,45;110000,00;0,00;0,00;3963,76;482,34;0,00;218,28;0,0;0,00;4387,19;71600,00;114994,17;0,00;0,00;0,00;0,00;0;0
Jefferson Campos;SP;PL;129479,92;20695,79;0,00;29000,00;0,00;104,97;1515,17;316,62;774,90;0,0;880,71;0,00;69885,90;38384,84;0,00;28500,00;0,00;0,00;0;0
Vicentinho;SP;PT;55432,25;33442,11;0,00;22034,41;0,00;8422,64;2723,63;990,90;2767,00;0,0;7893,89;41987,30;37867,77;84336,81;60,85;0,00;0,00;0,00;0;0
Leônidas Cristino;CE;PDT;37188,66;39437,75;0,00;69800,00;0,00;10116,95;913,29;2807,57;498,00;0,0;0,00;31806,08;31920,00;46122,01;777,95;0,00;0,00;0,00;0;0
Júlio Cesar;PI;PSD;1121,40;41681,96;36000,00;6000,00;0,00;18889,59;1932,26;0,00;0,00;36785,0;0,00;39010,88;102000,00;45700,83;0,00;0,00;1881,00;0,00;0;0
Paes Landim;PI;UNIÃO;239,23;0,00;39000,00;11700,00;0,00;40,02;127,02;0,00;8389,55;56870,0;0,00;9016,61;1030,00;31737,33;0,00;0,00;0,00;0,00;0;0
Nilson Pinto;PA;PSDB;85358,75;16519,63;10000,00;63780,00;0,00;21067,28;676,09;0,00;0,00;8500,0;0,00;18654,96;46000,00;55693,90;0,00;9653,30;0,00;0,00;0;0
Silas Câmara;AM;REPUBLICANOS;770,46;0,00;73000,00;89657,00;9414,22;103,90;310,53;0,00;0,00;91800,0;0,00;43127,98;0,00;60116,12;0,00;0,00;0,00;0,00;0;0
João Campos;GO;REPUBLICANOS;76914,90;52855,11;0,00;55000,00;0,00;4138,65;592,04;0,00;0,00;0,0;0,00;0,00;60000,00;9843,66;0,00;0,00;754,80;0,00;0;0
Rubens Otoni;GO;PT;93661,49;53288,24;0,00;63500,00;0,00;23856,09;70,54;0,00;0,00;0,0;0,00;0,00;69070,00;0,00;0,00;0,00;0,00;0,00;0;0
Vander Loubet;MS;PT;33131,72;19867,69;0,00;132890,00;1933,38;7069,10;2673,78;0,00;5843,78;0,0;145,50;5287,32;48200,00;59813,47;0,00;0,00;0,00;0,00;0;0
Giacobo;PR;PL;0,00;0,00;42500,00;151090,00;0,00;619,92;5037,55;0,00;3838,90;104000,0;0,00;370,00;0,00;58385,06;0,00;0,00;0,00;0,00;0;0
Maria do Rosário;RS;PT;85843,65;50310,15;26655,00;66803,00;5158,68;14307,91;1639,80;0,00;9275,28;0,0;6224,82;5966,13;28540,00;47120,93;279,84;39517,50;0,00;0,00;0;0
Onyx Lorenzoni;RS;PL;0,00;20458,32;0,00;0,00;2593,33;1855,87;961,40;0,00;378,00;0,0;0,00;0,00;17482,10;92460,26;0,00;0,00;0,00;0,00;0;0
Paulo Pimenta;RS;PT;36005,65;49235,92;0,00;119100,00;0,00;1891,46;4407,27;0,00;0,00;0,0;0,00;36277,53;6670,50;54590,17;0,00;0,00;0,00;0,00;0;0
Gonzaga Patriota;PE;PSB;7920,90;66657,71;0,00;78000,00;0,00;16674,78;75210,64;4005,15;7053,65;0,0;0,00;418,69;0,00;56626,68;0,00;0,00;0,00;0,00;0;0
Wolney Queiroz;PE;PDT;32700,10;48682,80;10000,00;63300,00;0,00;959,08;3561,19;153,45;312,80;0,0;0,00;7873,01;42000,00;56466,62;0,00;0,00;0,00;0,00;0;0
Átila Lira;PI;PP;10320,39;50290,67;0,00;59350,00;0,00;11977,51;4147,12;0,00;0,00;11960,0;0,00;0,00;127000,00;88625,27;0,00;384,00;0,00;0,00;0;0
Damião Feliciano;PB;UNIÃO;51125,13;50380,46;0,00;130000,00;0,00;3875,55;1130,62;0,00;2701,68;0,0;0,00;0,00;9859,31;50741,87;0,00;0,00;0,00;0,00;0;0
André de Paula;PE;PSD;87398,09;40539,35;0,00;28000,00;0,00;5960,94;4492,57;8425,98;4864,80;0,0;0,00;78810,24;85083,29;0,00;0,00;0,00;0,00;0,00;0;0
Luciano Bivar;PE;UNIÃO;13128,00;4831,02;0,00;36000,00;0,00;3760,42;423,77;0,00;0,00;0,0;0,00;5472,21;39610,05;75731,79;0,00;0,00;2164,86;0,00;0;0
Claudio Cajado;BA;PP;18014,84;54266,44;0,00;38000,00;0,00;13484,45;260,72;2335,85;8585,34;0,0;2127,39;115534,13;48900,00;14606,07;0,00;0,00;0,00;0,00;0;0
José Rocha;BA;UNIÃO;20697,68;66877,27;35000,00;35000,00;2162,07;11296,07;829,66;0,00;7939,96;0,0;282,90;146133,40;21290,00;0,00;946,00;0,00;612,00;0,00;0;0
Paulo Magalhães;BA;PSD;11560,35;44685,15;129000,00;4000,00;0,00;5161,57;3027,66;0,00;2236,50;0,0;0,00;56944,84;93450,00;3019,34;0,00;0,00;0,00;0,00;0;0
Lincoln Portela;MG;PL;64048,76;29456,92;0,00;22242,40;0,00;4199,28;1137,05;0,00;1691,94;0,0;0,00;60491,10;108900,00;10112,30;0,00;1596,22;0,00;0,00;0;0
Aécio Neves;MG;PSDB;125053,67;948,10;5000,00;38315,76;3993,71;3223,21;311,16;146,40;0,00;0,0;93,00;388,19;30768,07;67413,23;548,14;0,00;905,80;0,00;0;0
Eduardo Barbosa;MG;PSDB;47688,56;37755,44;0,00;29977,42;0,00;9626,82;957,42;3494,90;10025,13;0,0;1563,31;53827,40;51222,88;0,00;372,13;0,00;589,00;0,00;0;0
Rodrigo Maia;RJ;PSDB;77,00;450,02;0,00;0,00;4927,66;0,00;77,20;0,00;0,00;0,0;0,00;0,00;0,00;0,00;0,00;0,00;0,00;0,00;0;0
Mauro Lopes;MG;PP;56182,25;59189,72;0,00;83000,00;0,00;8950,60;5826,19;0,00;0,00;0,0;0,00;82682,93;44046,00;0,00;0,00;0,00;0,00;0,00;0;0
Luiza Erundina;SP;PSOL;48586,38;19536,85;0,00;30287,65;0,00;24602,18;2598,01;0,00;0,00;0,0;1184,79;0,00;15398,53;80126,69;0,00;0,00;1378,31;153,00;0;0
Jandira Feghali;RJ;PCdoB;78714,93;18673,19;0,00;19540,10;0,00;5097,35;1601,34;0,00;0,00;0,0;0,00;48471,38;70910,00;58280,57;0,00;0,00;0,00;0,00;0;0
Maurício Dziedricki;RS;PODE;49602,58;56973,00;0,00;89097,92;0,00;11106,30;357,12;683,63;22166,50;0,0;2638,25;0,00;73508,33;73266,44;0,00;0,00;117,50;0,00;0;0
Marcelo Freixo;RJ;PSB;38733,67;30856,78;0,00;40276,50;1649,96;2,73;63,26;0,00;848,95;0,0;0,00;41663,53;0,00;67258,87;0,00;0,00;0,00;0,00;0;0
Márcio Jerry;MA;PCdoB;57225,94;15340,33;0,00;7700,00;0,00;2309,79;4713,61;0,00;0,00;0,0;791,36;4943,04;0,00;70673,84;0,00;0,00;34,90;0,00;0;0
Dra. Soraya Manato;ES;PTB;16492,40;0,00;34000,00;46300,00;0,00;13768,36;275,05;0,00;0,00;0,0;0,00;52526,24;83100,00;30522,03;0,00;0,00;0,00;0,00;0;0
Pedro Augusto Bezerra;CE;PDT;30058,40;44279,34;0,00;69580,00;9629,88;7859,14;3185,04;152,63;15462,83;0,0;0,00;146295,28;0,00;2746,21;335,80;0,00;0,00;0,00;0;0
Leur Lomanto Júnior;BA;UNIÃO;59690,50;11076,64;36000,00;42200,00;1676,45;4774,79;2037,53;0,00;730,94;0,0;0,00;4113,61;125000,00;63460,50;0,00;0,00;0,00;0,00;0;0
Milton Coelho;PE;PSB;68476,77;34128,50;54000,00;65628,59;2321,68;5422,72;8430,38;249,70;3600,21;0,0;1211,74;2468,88;98156,50;53134,08;0,00;0,00;0,00;0,00;0;0
Eduardo Bolsonaro;SP;PL;74497,85;13211,67;0,00;0,00;1430,37;7869,62;572,08;587,76;7482,00;0,0;452,50;103340,20;78331,87;2275,29;0,00;0,00;0,00;0,00;0;0
Fernando Monteiro;PE;PP;83076,70;31488,26;0,00;1680,00;0,00;3534,84;0,00;0,00;8911,35;0,0;0,00;18077,65;60300,00;94951,12;0,00;0,00;0,00;0,00;0;0
Stefano Aguiar;MG;PSD;113624,20;32036,46;0,00;27080,00;0,00;13650,17;1975,36;85,36;3602,99;0,0;7712,51;41595,64;42235,34;2364,41;0,00;0,00;0,00;0,00;0;0
Cacá Leão;BA;PP;63194,00;22877,45;70000,00;0,00;0,00;9754,25;317,82;0,00;390,00;0,0;6300,00;2087,89;123020,00;69680,47;0,00;0,00;0,00;0,00;0;0
Lafayette de Andrada;MG;REPUBLICANOS;141735,83;17819,69;0,00;0,00;0,00;15912,06;5547,15;0,00;1767,92;0,0;8496,00;60378,26;116023,52;19516,30;120,65;0,00;0,00;0,00;0;0
Alexandre Figueiredo;SE;PSD;2857,60;11953,92;40000,00;0,00;1544,75;456,35;153,91;0,00;0,00;0,0;0,00;3049,36;44460,00;15999,93;0,00;0,00;0,00;0,00;0;0
Gleisi Hoffmann;PR;PT;106402,50;25679,61;20000,00;176287,91;6601,49;6182,61;4562,80;0,00;8475,35;0,0;0,00;0,00;0,00;0,00;0,00;1187,94;0,00;0,00;0;0
Jaqueline Cassol;RO;PP;24797,08;39207,88;0,00;150420,00;3410,37;3190,02;111,95;0,00;14373,36;0,0;0,00;0,00;15000,00;46431,51;529,06;0,00;0,00;0,00;0;0
Benes Leocádio;RN;UNIÃO;76953,63;40395,57;0,00;39750,00;0,00;2627,69;507,70;0,00;0,00;0,0;0,00;0,00;90400,00;93365,29;0,00;0,00;0,00;0,00;0;0
João Marcelo Souza;MA;MDB;10072,80;26740,33;10000,00;21500,00;1325,70;2977,08;5710,54;450,00;4980,50;0,0;0,00;1798,96;71520,81;21459,95;0,00;42000,00;3179,52;0,00;0;0
Gelson Azevedo;RJ;PL;0,00;23648,14;0,00;93350,00;0,00;1055,07;523,87;0,00;0,00;0,0;370,00;0,00;81900,00;67199,16;0,00;0,00;0,00;0,00;0;0
Darci de Matos;SC;PSD;34987,85;29530,12;46200,00;50250,00;0,00;10314,78;260,17;311,25;299,00;0,0;0,00;0,00;28658,00;59285,02;0,00;0,00;0,00;0,00;0;0
Marcelo Squassoni;SP;REPUBLICANOS;3950,50;831,21;0,00;38850,00;0,00;1794,98;165,93;0,00;0,00;0,0;68,00;0,00;28200,00;64639,82;0,00;0,00;0,00;0,00;0;0
Adriano do Baldy;GO;PP;42421,24;50028,95;0,00;41900,00;0,00;8357,09;616,75;0,00;0,00;0,0;1722,14;0,00;94000,00;0,00;0,00;0,00;0,00;0,00;0;0
Pedro Paulo;RJ;PSD;105076,80;6088,47;0,00;4500,00;4118,66;1197,20;83,70;0,00;0,00;0,0;0,00;4835,06;75900,00;46999,87;0,00;0,00;0,00;0,00;0;0
Leonardo Gadelha;PB;PSC;0,00;4850,66;8000,00;107549,96;0,00;45,98;476,90;0,00;0,00;0,0;0,00;1404,90;40513,38;33165,68;0,00;0,00;0,00;0,00;0;0
Ronaldo Martins;CE;REPUBLICANOS;0,00;5489,31;48855,00;0,00;0,00;630,43;0,00;0,00;0,00;0,0;0,00;0,00;20600,00;3513,30;0,00;0,00;0,00;0,00;0;0
Pedro Lucas Fernandes;MA;UNIÃO;0,00;42508,50;72000,00;60000,00;0,00;12023,43;154,50;0,00;17164,36;0,0;0,00;21634,70;89741,54;42766,13;0,00;0,00;0,00;0,00;0;0
Antônia Lúcia;AC;REPUBLICANOS;0,00;15707,93;30500,00;0,00;0,00;669,35;0,00;0,00;0,00;35000,0;0,00;2751,23;0,00;11111,96;0,00;0,00;0,00;0,00;0;0
Paulo Marinho Jr;MA;PL;339,70;8049,04;92000,00;0,00;0,00;4,83;67,84;403,80;0,00;0,0;0,00;9311,53;0,00;43313,25;0,00;0,00;0,00;0,00;0;0
Enio Verri;PR;PT;32177,54;91653,62;8000,00;91165,00;0,00;6540,53;199,80;0,00;6047,32;0,0;192,56;14250,74;113000,00;22005,29;0,00;0,00;0,00;0,00;0;0
André Figueiredo;CE;PDT;69940,09;25973,01;0,00;58300,00;0,00;9557,39;882,29;0,00;2483,00;0,0;0,00;0,00;91876,26;139119,12;0,00;0,00;790,80;0,00;0;0
Marcelo Moraes;RS;PL;20522,67;29959,66;0,00;20000,00;0,00;5810,47;1360,95;0,00;1160,00;0,0;0,00;39390,72;52178,60;41864,57;0,00;0,00;207,00;0,00;0;0
Paulo Ramos;RJ;PDT;47881,71;40571,34;0,00;69550,00;908,29;1033,54;196,27;1197,46;0,00;0,0;7781,93;19937,19;76519,63;34781,75;0,00;0,00;287,50;0,00;0;0
Cristiano Vale;PA;PP;51752,33;30722,56;0,00;30500,00;0,00;4398,70;6537,27;0,00;0,00;8000,0;0,00;64840,39;114210,00;19023,65;0,00;0,00;0,00;0,00;0;0
Afonso Hamm;RS;PP;68414,07;40932,49;0,00;55950,00;0,00;6791,20;4797,52;3453,98;13162,40;0,0;1696,80;4804,15;54670,00;101269,96;33,00;0,00;43,00;0,00;0;0
Vicentinho Júnior;TO;PP;0,00;0,00;325000,00;32000,00;0,00;3195,40;287,89;0,00;0,00;0,0;0,00;4101,05;0,00;42955,76;0,00;0,00;0,00;0,00;0;0
Lídice da Mata;BA;PSB;49343,19;32490,09;11000,00;73500,00;0,00;12153,36;661,95;0,00;3498,53;0,0;3879,16;2576,66;37275,00;84125,98;0,00;0,00;0,00;0,00;0;0
Beto Faro;PA;PT;274,90;0,00;84500,00;166600,00;11194,50;2905,98;54,07;0,00;3235,89;0,0;0,00;3976,47;0,00;70938,59;0,00;0,00;0,00;0,00;0;0
Aelton Freitas;MG;PP;13923,75;58369,41;69500,00;80087,72;4566,19;5047,65;307,57;6944,84;14976,19;0,0;8090,51;0,00;98987,00;7513,45;693,26;0,00;0,00;0,00;0;0
Arnaldo Jardim;SP;CIDADANIA;124898,78;39240,47;0,00;90950,00;0,00;10120,59;1807,42;0,00;2797,72;0,0;13394,23;15485,18;0,00;30673,72;110,15;0,00;0,00;0,00;0;0
Carlos Zarattini;SP;PT;69100,63;30628,39;0,00;94749,98;0,00;15418,14;1953,92;0,00;3080,20;0,0;8220,26;10817,68;0,00;62068,33;0,00;0,00;1357,06;0,00;0;0
Carlos Bezerra;MT;MDB;0,00;0,00;0,00;65000,00;0,00;2711,55;2679,45;0,00;0,00;0,0;0,00;0,00;0,00;4738,10;0,00;0,00;0,00;0,00;0;0
Celso Maldaner;SC;MDB;52963,30;44746,87;40000,00;30724,00;0,00;6646,66;4388,32;0,00;23495,80;0,0;0,00;0,00;60000,00;53587,75;129,59;0,00;140,00;0,00;0;0
Cleber Verde;MA;REPUBLICANOS;41955,60;0,00;88000,00;58000,00;0,00;183,94;142,88;0,00;0,00;0,0;0,00;0,00;0,00;84627,46;0,00;0,00;0,00;0,00;0;0
Dagoberto Nogueira;MS;PSDB;58044,89;40709,28;121000,00;36400,00;0,00;20016,63;788,76;278,28;708,70;0,0;0,00;6088,70;78000,00;25361,35;0,00;0,00;309,00;0,00;0;0
Edio Lopes;RR;PL;0,00;7124,60;0,00;113820,00;0,00;5824,95;3032,77;0,00;0,00;0,0;0,00;58592,56;56880,00;74003,26;0,00;25200,00;0,00;0,00;0;0
Eduardo da Fonte;PE;PP;259,00;34220,82;0,00;79714,96;0,00;3021,39;173,26;0,00;0,00;0,0;0,00;49579,68;123245,00;32478,82;0,00;0,00;0,00;0,00;0;0
Efraim Filho;PB;UNIÃO;0,00;900,00;0,00;136897,00;0,00;66,97;1816,43;0,00;0,00;0,0;0,00;1249,96;52000,00;66696,39;0,00;0,00;0,00;0,00;0;0
Fábio Ramalho;MG;MDB;92107,47;31928,82;0,00;0,00;0,00;8001,74;353,10;0,00;1119,00;0,0;17,40;20416,81;52791,00;77033,56;0,00;0,00;0,00;0,00;0;0
Fernando Coelho Filho;PE;UNIÃO;28944,90;32564,66;0,00;0,00;2343,33;3536,78;3250,07;0,00;8225,58;0,0;0,00;1999,03;71910,60;112985,03;0,00;0,00;0,00;0,00;0;0
Flaviano Melo;AC;MDB;18880,63;54985,60;108000,00;143750,00;0,00;12738,55;156,73;0,00;684,00;0,0;0,00;29841,50;13420,30;55376,43;0,00;543,00;0,00;0,00;0;0
Chico D'Angelo;RJ;PDT;59923,71;38293,69;0,00;45000,00;0,00;14775,99;652,37;0,00;0,00;0,0;8673,00;37605,11;45000,00;34625,23;0,00;0,00;163,80;0,00;0;0
Hugo Leal;RJ;PSD;64420,29;29344,99;8419,35;31000,00;0,00;16227,87;34,61;0,00;5277,70;0,0;398,51;2133,83;0,00;99348,51;0,00;0,00;0,00;0,00;0;0
João Carlos Bacelar;BA;PL;5217,75;62930,38;10740,00;49500,00;1277,43;3558,00;1786,62;2224,45;3500,00;56998,4;0,00;4499,90;0,00;131851,21;0,00;8000,00;0,00;0,00;0;0
João Maia;RN;PL;25989,20;45276,73;9000,00;176500,00;0,00;1014,88;60,35;0,00;0,00;0,0;280,00;32519,03;56000,00;48524,89;0,00;0,00;0,00;0,00;0;0
José Airton Félix Cirilo;CE;PT;27327,65;66000,00;64840,73;51070,00;6958,65;4777,67;306,42;0,00;5649,70;0,0;0,00;2900,23;32500,00;132196,16;0,00;0,00;0,00;0,00;0;0
José Guimarães;CE;PT;86613,31;22676,62;0,00;21736,10;0,00;10450,65;4308,43;0,00;9870,47;0,0;329,96;4919,38;45760,00;115456,08;0,00;7616,32;889,80;0,00;0;0
Laerte Bessa;DF;PL;0,00;8023,15;0,00;5460,00;0,00;262,01;0,00;824,49;0,00;0,0;0,00;0,00;26760,00;0,00;0,00;0,00;0,00;0,00;0;0
Lázaro Botelho;TO;PP;1697,00;29537,80;55000,00;0,00;0,00;15,25;1474,12;0,00;0,00;0,0;0,00;0,00;28500,00;17670,89;0,00;0,00;0,00;0,00;0;0
Paulo Teixeira;SP;PT;32571,24;8407,61;0,00;163150,00;0,00;19127,72;898,41;1012,36;1481,56;0,0;13834,00;964,00;0,00;70675,96;0,00;0,00;0,00;0,00;0;0
Mauro Nazif;RO;PSB;1015,60;9612,83;0,00;24910,00;18088,56;21,12;7605,94;0,00;0,00;0,0;0,00;0,00;550,00;38980,49;0,00;0,00;0,00;0,00;0;0
Bilac Pinto;MG;UNIÃO;59810,06;0,00;0,00;300000,00;0,00;7104,29;197,06;0,00;0,00;0,0;0,00;1906,23;0,00;0,00;0,00;0,00;0,00;0,00;0;0
Otavio Leite;RJ;PSDB;39437,76;5451,35;12670,74;21542,00;0,00;2785,35;1473,21;232,72;0,00;0,0;0,00;8000,93;0,00;5043,70;0,00;0,00;0,00;0,00;0;0
Paulo Abi-Ackel;MG;PSDB;13953,77;32821,57;98000,00;14000,00;0,00;12450,18;338,70;0,00;0,00;0,0;0,00;4476,69;45200,00;42928,40;0,00;1095,44;0,00;0,00;0;0
Paulinho da Força;SP;SOLIDARIEDADE;440,00;28610,46;0,00;105250,00;1385,39;3330,41;841,42;0,00;0,00;0,0;130,90;48978,43;37800,00;72114,34;0,00;0,00;0,00;0,00;0;0
Raul Henry;PE;MDB;37308,20;28586,89;0,00;0,00;0,00;1966,40;1541,27;597,00;18859,60;0,0;0,00;0,00;70094,70;113789,09;0,00;0,00;2551,90;0,00;0;0
Rodrigo de Castro;MG;UNIÃO;73604,14;40887,54;0,00;7792,30;10482,67;7562,91;506,71;806,11;1487,50;0,0;851,74;19846,20;99050,00;37488,22;0,00;1782,96;0,00;0,00;0;0
Valtenir Pereira;MT;MDB;0,00;18485,07;81700,00;12000,00;3078,01;3048,16;2800,17;968,69;134,00;0,0;598,24;0,00;19800,00;15209,13;0,00;0,00;0,00;0,00;0;0
Vanderlei Macris;SP;PSDB;54485,38;27185,03;111600,00;109138,00;0,00;1110,34;4609,31;0,00;371,56;0,0;7131,51;71,54;23050,00;49183,46;0,00;0,00;0,00;0,00;0;0
Vinicius Carvalho;SP;REPUBLICANOS;102599,65;34253,21;70000,00;20190,00;0,00;5584,51;132,02;0,00;13454,85;0,0;10053,38;6305,04;7818,21;66086,39;0,00;0,00;0,00;0,00;0;0
Tiago Dimas;TO;PODE;41218,42;57027,96;45000,00;64689,50;7052,68;9830,99;0,00;0,00;34885,37;0,0;0,00;11109,40;4300,00;57939,55;1449,03;6361,00;0,00;0,00;0;0
Domingos Neto;CE;PSD;25792,43;0,00;15000,00;140500,00;0,00;1406,60;0,00;0,00;0,00;32850,0;0,00;19666,36;75620,00;33995,55;0,00;0,00;0,00;0,00;0;0
Neri Geller;MT;PP;54717,87;33170,21;0,00;42000,00;0,00;1994,61;0,00;172,75;13557,86;0,0;939,57;0,00;107700,00;68533,59;0,00;0,00;0,00;0,00;0;0
Marcelo Aro;MG;PP;143856,27;20432,98;0,00;23600,00;0,00;7783,72;1438,20;0,00;4728,77;0,0;92,80;0,00;77433,33;28133,73;0,00;0,00;1016,30;0,00;0;0
Márcio Marinho;BA;REPUBLICANOS;78648,20;45030,88;0,00;114000,00;0,00;11962,01;3416,43;0,00;3364,51;0,0;0,00;0,00;26700,00;94444,91;0,00;0,00;0,00;0,00;0;0
Laercio Oliveira;SE;PP;0,00;29715,77;41000,00;0,00;0,00;14317,25;3246,23;0,00;2708,00;0,0;0,00;0,00;101704,00;107904,50;0,00;0,00;0,00;0,00;0;0
Glauber Braga;RJ;PSOL;33370,41;24237,41;0,00;51427,62;0,00;17913,85;425,96;133,01;0,00;0,0;2296,70;68154,95;0,00;43562,34;0,00;0,00;0,00;0,00;0;0
Roberto Alves;SP;REPUBLICANOS;52692,07;24485,48;60000,00;10000,00;0,00;3747,49;1281,55;0,00;1094,60;0,0;82,70;9757,75;66665,00;3647,10;0,00;0,00;0,00;0,00;0;0
Milton Vieira;SP;REPUBLICANOS;62493,80;28183,53;0,00;20980,00;0,00;469,61;721,66;0,00;0,00;0,0;0,00;0,00;65060,00;106771,87;0,00;0,00;0,00;0,00;0;0
Eleuses Paiva;SP;PSD;2877,00;13345,23;0,00;0,00;3095,71;699,80;315,88;399,33;0,00;0,0;889,05;15042,45;9953,52;51781,30;0,00;0,00;0,00;0,00;0;0
Marcel van Hattem;RS;NOVO;856,23;17738,82;13830,00;6007,06;33585,32;261,61;0,00;0,00;3059,85;0,0;1625,18;0,00;483,35;16757,07;0,00;0,00;1267,35;0,00;0;0
Túlio Gadêlha;PE;REDE;176441,76;23243,88;4000,00;86529,90;0,00;5868,92;964,41;0,00;5290,30;0,0;1653,59;1061,90;10793,53;65465,43;0,00;0,00;0,00;0,00;0;0
Afonso Florence;BA;PT;36118,48;32758,12;17500,00;111500,00;3227,90;3316,12;689,11;3664,52;3623,50;0,0;5346,97;49426,17;21155,03;35365,66;360,98;0,00;0,00;0,00;0;0
Luis Tibé;MG;AVANTE;48658,58;14671,01;0,00;79160,00;0,00;15092,17;957,03;0,00;731,47;0,0;0,00;1534,00;0,00;45451,83;0,00;0,00;0,00;0,00;0;0
Alessandro Molon;RJ;PSB;2149,97;11083,60;0,00;64973,01;21533,26;7431,30;173,73;0,00;2313,42;0,0;18357,00;10527,01;0,00;110239,53;0,00;0,00;6302,40;0,00;0;0
Aureo Ribeiro;RJ;SOLIDARIEDADE;21816,76;0,00;0,00;67731,72;7211,89;2162,00;1321,96;0,00;0,00;0,0;0,00;23143,76;0,00;112826,54;0,00;0,00;0,00;0,00;0;0
Paulo Foletto;ES;PSB;67212,95;31022,73;63000,00;30000,00;0,00;4145,75;1214,53;0,00;3887,00;0,0;0,00;34837,59;22840,00;0,00;0,00;0,00;149,40;0,00;0;0
Weliton Prado;MG;PROS;0,00;2268,72;0,00;166956,46;0,00;414,74;0,00;0,00;0,00;0,0;0,00;14770,64;9200,00;22124,58;0,00;0,00;0,00;0,00;0;0
Aguinaldo Ribeiro;PB;PP;4236,18;24227,83;0,00;30000,00;0,00;6491,87;1513,54;0,00;0,00;0,0;0,00;0,00;48700,00;126169,68;0,00;0,00;0,00;0,00;0;0
Danilo Cabral;PE;PSB;56579,07;30099,68;0,00;59370,00;0,00;3882,10;259,90;0,00;3450,02;0,0;0,00;1603,90;27850,00;89766,26;0,00;0,00;450,00;0,00;0;0
Jhonatan de Jesus;RR;REPUBLICANOS;571,90;0,00;0,00;58900,00;0,00;4193,14;659,55;0,00;0,00;0,0;0,00;5244,36;42000,00;119993,21;0,00;0,00;0,00;0,00;0;0
Eli Corrêa Filho;SP;UNIÃO;4440,00;4797,75;9080,00;75000,00;0,00;4215,54;176,73;0,00;0,00;0,0;0,00;1331,90;27650,00;133164,73;0,00;0,00;0,00;0,00;0;0
Lauriete;ES;PSC;53737,00;50950,95;0,00;61788,20;0,00;15221,51;186,20;0,00;0,00;0,0;0,00;0,00;56500,00;39672,39;0,00;8000,00;0,00;0,00;0;0
Marcon;RS;PT;53622,37;58363,56;14000,00;102538,50;0,00;13019,02;985,92;3377,55;26051,93;0,0;10328,30;0,00;16006,00;59404,24;315,80;0,00;1564,31;0,00;0;0
Bohn Gass;RS;PT;93405,84;39196,58;29250,00;54571,21;1397,32;16056,26;0,00;2529,48;19109,92;0,0;7735,92;0,00;34375,00;56457,87;5283,85;0,00;2027,20;0,00;0;0
Arthur Lira;AL;PP;0,00;26469,48;0,00;40000,00;0,00;2098,72;311,43;0,00;0,00;0,0;0,00;2749,65;0,00;105244,73;0,00;0,00;0,00;0,00;0;0
Márcio Macêdo;SE;PT;1139,00;24027,61;76000,00;0,00;0,00;1450,56;0,00;448,14;0,00;0,0;0,00;0,00;26000,00;35998,09;0,00;0,00;0,00;0,00;0;0
Alexandre Leite;SP;UNIÃO;163515,67;17774,73;0,00;0,00;0,00;8182,48;769,29;0,00;0,00;0,0;0,00;784,26;56100,00;95501,34;0,00;1935,44;1453,50;0,00;0;0
Danrlei de Deus Hinterholz;RS;PSD;25029,17;32600,96;0,00;0,00;0,00;7016,52;157,58;0,00;1976,20;0,0;856,40;0,00;81000,00;62276,48;0,00;0,00;0,00;0,00;0;0
Antonio Brito;BA;PSD;100653,54;43669,34;0,00;0,00;0,00;14992,86;523,56;0,00;0,00;0,0;0,00;97377,99;66000,00;41282,65;0,00;0,00;0,00;0,00;0;0
Padre João;MG;PT;55713,07;43656,89;61000,00;51526,72;0,00;5234,47;1592,15;0,00;5877,00;0,0;0,00;0,00;71800,00;29013,63;1333,80;0,00;360,00;0,00;0;0
Paulo Freire Costa;SP;PL;0,00;0,00;20500,00;60000,00;0,00;2645,07;508,70;0,00;0,00;0,0;0,00;3070,42;43800,00;52916,96;0,00;0,00;0,00;0,00;0;0
Alceu Moreira;RS;MDB;90008,98;46070,28;0,00;52225,00;8375,03;11814,75;352,60;491,15;6617,81;0,0;0,00;37812,74;45434,00;33267,68;0,00;1500,00;2109,00;0,00;0;0
Waldenor Pereira;BA;PT;14767,04;34859,20;0,00;123640,40;0,00;19688,44;345,51;128,79;0,00;0,0;0,00;1866,70;19573,19;66969,70;322,95;0,00;0,00;0,00;0;0
Jerônimo Goergen;RS;PP;60072,27;49263,44;0,00;19000,00;1210,32;15707,26;4415,98;2841,77;2598,05;0,0;2119,15;8765,20;48786,43;139566,16;0,00;0,00;113,70;0,00;0;0
Erika Kokay;DF;PT;2473,45;8399,73;117996,30;86764,20;0,00;3297,86;523,51;0,00;0,00;0,0;0,00;0,00;0,00;0,00;0,00;0,00;0,00;0,00;0;0
Fábio Trad;MS;PSD;25537,60;9891,95;0,00;62338,00;0,00;9,77;1495,64;478,06;348,00;0,0;0,00;50671,68;0,00;0,00;0,00;0,00;0,00;0,00;0;0
Diego Andrade;MG;PSD;22783,43;15985,11;0,00;29500,00;2688,23;6954,52;166,32;0,00;0,00;0,0;70,00;0,00;58100,00;66148,82;0,00;0,00;0,00;0,00;0;0
Bruna Furlan;SP;PSDB;1291,05;14201,42;0,00;19000,00;0,00;9244,93;526,83;0,00;0,00;0,0;0,00;0,00;16800,00;8180,66;0,00;0,00;6845,00;0,00;0;0
Vinicius Gurgel;AP;PL;0,00;0,00;140000,00;0,00;0,00;872,92;663,03;0,00;0,00;0,0;0,00;0,00;21600,00;44157,83;0,00;0,00;0,00;0,00;0;0
Zeca Dirceu;PR;PT;42426,18;64561,06;20000,00;136706,10;12481,35;3679,66;820,84;7282,05;22660,82;0,0;4588,82;484,38;0,00;51931,35;0,00;0,00;0,00;0,00;0;0
Flávia Morais;GO;PDT;64000,00;31811,33;48200,00;70440,00;0,00;21201,47;239,28;0,00;0,00;0,0;0,00;0,00;45200,00;0,00;0,00;0,00;0,00;0,00;0;0
Dimas Fabiano;MG;PP;13965,09;47184,46;0,00;71161,32;0,00;8236,02;237,77;1336,52;17688,49;0,0;2377,28;520,89;88960,00;28123,29;0,00;0,00;0,00;0,00;0;0
Arthur Oliveira Maia;BA;UNIÃO;61600,27;58422,76;0,00;8015,00;8327,40;14864,78;506,03;389,61;18308,76;0,0;110,27;8576,66;127000,00;68421,07;707,30;0,00;0,00;0,00;0;0
Pr. Marco Feliciano;SP;PL;718,70;13487,25;0,00;10500,00;0,00;4152,08;2020,62;0,00;0,00;0,0;0,00;8550,44;74410,00;116797,60;0,00;0,00;0,00;0,00;0;0
Pedro Uczai;SC;PT;59290,66;50540,39;55000,00;21754,72;3562,47;8985,57;3784,40;5689,11;21208,35;0,0;389,72;10714,87;19335,00;51456,42;0,00;2373,66;850,00;0,00;0;0
Valmir Assunção;BA;PT;72726,38;45093,43;0,00;56800,00;1815,08;16963,78;92,11;0,00;556,50;0,0;1172,48;1643,45;86200,00;79920,39;287,85;0,00;0,00;0,00;0;0
José Nunes;BA;PSD;22836,48;16706,02;0,00;50325,00;0,00;6843,79;126,00;0,00;1276,12;0,0;0,00;4057,79;35700,00;14839,51;0,00;0,00;0,00;0,00;0;0
Sandro Alex;PR;PSD;4000,00;28304,85;40000,00;32849,00;0,00;3681,66;93,90;1405,84;4487,71;0,0;0,00;0,00;21000,00;44527,18;0,00;0,00;0,00;0,00;0;0
Zé Silva;MG;SOLIDARIEDADE;30112,86;52940,63;0,00;87828,75;0,00;10583,45;707,26;660,46;11322,00;0,0;0,00;20563,77;41819,75;21030,85;0,00;0,00;0,00;0,00;0;0
Ruy Carneiro;PB;PSC;320,80;13559,64;0,00;157100,00;0,00;984,60;261,25;0,00;0,00;0,0;0,00;6274,82;64500,00;56422,03;0,00;0,00;0,00;0,00;0;0
Professora Dorinha Seabra Rezende;TO;UNIÃO;36261,81;30718,99;1804,00;47450,00;0,00;9261,14;5959,00;0,00;607,75;0,0;0,00;2533,90;39000,00;73382,68;0,00;0,00;0,00;0,00;0;0
Eros Biondini;MG;PL;42849,29;51477,71;0,00;0,00;0,00;3865,75;673,30;0,00;21299,15;0,0;3322,20;4851,79;93590,00;52393,99;0,00;0,00;0,00;0,00;0;0
Professora Marcivania;AP;PCdoB;15000,00;48794,05;38181,00;100900,00;1472,88;951,13;0,00;0,00;0,00;0,0;0,00;0,00;96700,00;66887,18;0,00;0,00;0,00;0,00;0;0
Pastor Eurico;PE;PL;1041,80;46619,59;0,00;30360,00;7138,55;8354,18;2785,71;3513,96;3809,80;0,0;365,50;2391,77;111823,60;123096,16;0,00;0,00;0,00;0,00;0;0
Luiz Carlos;AP;PSDB;11666,67;1799,88;133900,00;68500,00;0,00;1675,21;0,00;0,00;0,00;0,0;0,00;1411,00;26880,00;67713,65;0,00;0,00;0,00;0,00;0;0
Rogério Peninha Mendonça;SC;MDB;41805,22;48181,20;0,00;18264,20;1553,58;8750,09;1741,85;1808,62;11596,36;0,0;0,00;0,00;81600,00;74584,80;0,00;1038,56;0,00;0,00;0;0
Roberto de Lucena;SP;REPUBLICANOS;18753,80;41398,68;3000,00;78640,54;11002,37;4095,76;1256,52;0,00;21458,77;0,0;19017,88;0,00;52000,00;88961,00;0,00;0,00;0,00;0,00;0;0
Ricardo Izar;SP;REPUBLICANOS;48571,27;4374,81;1200,00;144500,00;0,00;16418,09;979,94;0,00;2148,98;0,0;0,00;3243,33;37292,04;59413,98;0,00;0,00;0,00;0,00;0;0
Augusto Coutinho;PE;REPUBLICANOS;163717,01;41198,43;849,00;26657,78;12867,29;8190,50;2827,91;161,33;1795,44;0,0;172,43;1561,01;61240,00;51679,30;0,00;0,00;1321,80;0,00;0;0
Félix Mendonça Júnior;BA;PDT;54800,00;35393,57;0,00;45000,00;0,00;13495,47;6109,32;0,00;0,00;7875,0;0,00;87998,88;58000,00;8528,84;0,00;0,00;0,00;0,00;0;0
Guilherme Mussi;SP;PP;0,00;0,00;0,00;60000,00;0,00;3155,80;2062,95;0,00;0,00;0,0;0,00;2080,96;0,00;99961,18;0,00;0,00;0,00;0,00;0;0
Genecias Noronha;CE;PL;4363,50;0,00;35000,00;34399,00;0,00;3553,26;548,49;0,00;0,00;23000,0;0,00;658,61;0,00;75818,50;0,00;0,00;0,00;0,00;0;0
Giovani Cherini;RS;PL;127427,86;48237,52;0,00;41942,68;2438,46;16322,61;1185,98;4293,82;19494,15;0,0;4336,01;6335,36;82182,26;59108,95;0,00;0,00;0,00;0,00;0;0
Hugo Motta;PB;REPUBLICANOS;650,30;48808,01;0,00;114736,08;12889,12;6471,10;2486,26;0,00;0,00;0,0;0,00;0,00;35610,00;82512,76;0,00;0,00;0,00;0,00;0;0
Domingos Sávio;MG;PL;64019,69;37547,57;14000,00;52406,55;1825,86;16958,63;380,40;1744,27;6865,53;0,0;2416,32;20,92;90000,00;21707,34;0,00;0,00;700,00;0,00;0;0
Tiririca;SP;PL;224,93;3577,42;0,00;0,00;0,00;6230,27;102,94;0,00;1307,10;0,0;0,00;2542,83;69923,11;107314,07;0,00;0,00;0,00;0,00;0;0
Emidinho Madeira;MG;PL;61334,94;46712,22;0,00;109120,00;947,90;4297,04;0,00;509,51;0,00;0,0;325,00;43548,19;32523,42;1228,30;0,00;0,00;0,00;0,00;0;0
Luiz Nishimori;PR;PSD;41569,49;30903,07;55130,00;65544,00;1834,20;6890,58;364,55;0,00;0,00;0,0;0,00;76238,25;49500,00;0,00;0,00;402,00;2050,10;0,00;0;0
Delegado Waldir;GO;UNIÃO;253,80;43475,70;0,00;0,00;0,00;48,47;637,38;0,00;0,00;0,0;0,00;0,00;93250,00;0,00;0,00;0,00;0,00;0,00;0;0
Carmen Zanotto;SC;CIDADANIA;38751,60;39873,58;0,00;19692,40;0,00;2978,63;5283,38;0,00;8144,89;0,0;139,84;7611,28;41250,00;67395,84;0,00;472,50;255,00;0,00;0;0
Magda Mofatto;GO;PL;94953,85;48194,95;0,00;45000,00;0,00;4208,32;331,81;0,00;0,00;0,0;6017,10;0,00;50300,00;0,00;0,00;0,00;1509,60;0,00;0;0
Paulão;AL;PT;32556,21;6518,19;0,00;24000,00;0,00;5954,83;168,59;2131,93;0,00;0,0;0,00;20454,39;82800,00;45750,46;0,00;0,00;0,00;0,00;0;0
Fabio Reis;SE;PSD;68200,89;40779,80;0,00;16500,00;0,00;14903,10;1373,22;0,00;0,00;0,0;0,00;0,00;115000,00;56675,90;0,00;0,00;0,00;0,00;0;0
Subtenente Gonzaga;MG;PSD;102744,70;44648,10;0,00;40693,20;0,00;2879,66;7127,48;2092,15;22054,79;0,0;10452,37;4996,86;39825,40;36135,41;514,17;0,00;416,00;0,00;0;0
Leo de Brito;AC;PT;72757,00;44415,35;6000,00;135500,00;0,00;18,44;0,00;0,00;1781,00;1400,0;3753,24;0,00;36000,00;100461,89;0,00;0,00;0,00;0,00;10900;0
Capitão Augusto;SP;PL;72579,45;40453,31;0,00;98420,00;0,00;6625,56;2151,13;86,90;939,68;0,0;15549,09;0,00;41200,00;15496,08;0,00;0,00;0,00;0,00;0;0
André Abdon;AP;PP;39303,00;45579,86;0,00;106000,00;0,00;7871,55;0,00;0,00;4007,65;0,0;1993,29;7832,96;100950,00;84475,86;0,00;0,00;0,00;0,00;4500;0
Leandre;PR;PSD;64172,27;48634,04;66000,00;68708,98;0,00;7600,46;4926,92;0,00;10271,54;0,0;490,46;0,00;45942,00;41656,86;763,37;1590,00;0,00;0,00;0;0
Afonso Motta;RS;PDT;62136,76;47610,95;0,00;65689,00;0,00;12942,61;7758,95;2066,75;9362,81;0,0;1154,05;22777,84;77000,00;45643,36;176,44;0,00;0,00;0,00;0;0
Alan Rick;AC;UNIÃO;15106,94;20498,71;54250,00;87900,00;13296,47;4751,45;1167,67;0,00;3742,50;0,0;0,00;0,00;41500,00;26012,62;0,00;0,00;0,00;0,00;0;0
Jéssica Sales;AC;MDB;0,00;0,00;0,00;319500,00;0,00;3972,33;63,26;0,00;0,00;0,0;0,00;49293,37;0,00;0,00;0,00;0,00;0,00;0,00;0;0
Marx Beltrão;AL;PP;1120,60;3811,37;15700,00;190100,00;0,00;24,85;0,00;0,00;0,00;0,0;0,00;5126,19;4000,00;57545,95;0,00;0,00;0,00;0,00;0;0
Pedro Vilela;AL;PSDB;436,50;29305,38;162000,00;125000,00;0,00;30,57;416,52;0,00;0,00;0,0;0,00;0,00;0,00;75866,02;0,00;0,00;0,00;0,00;0;0
Elmar Nascimento;BA;UNIÃO;50002,15;7904,20;108000,00;0,00;2602,46;8663,93;370,77;0,00;0,00;0,0;0,00;5455,90;96000,00;108533,18;0,00;0,00;0,00;0,00;0;0
Jorge Solla;BA;PT;93427,16;59812,62;0,00;49610,00;4138,09;5637,05;3129,42;7287,33;13177,42;0,0;6387,09;0,00;85186,88;57656,47;1095,48;0,00;0,00;0,00;0;0
Mário Negromonte Jr.;BA;PP;0,00;26215,38;0,00;78267,56;0,00;8907,14;887,06;0,00;0,00;12147,8;0,00;4566,64;108060,50;44650,87;0,00;0,00;0,00;0,00;0;0
Paulo Azi;BA;UNIÃO;19589,80;18992,10;96000,00;34500,00;0,00;7284,84;3443,65;0,00;0,00;0,0;0,00;0,00;76200,00;42924,03;0,00;0,00;0,00;0,00;0;0
Ronaldo Carletto;BA;PP;433,50;13767,18;125800,00;81600,00;811,63;5563,10;623,32;0,00;0,00;0,0;0,00;3497,25;0,00;37893,94;0,00;0,00;0,00;0,00;0;0
Tia Eron;BA;REPUBLICANOS;0,00;2510,26;24000,00;50000,00;0,00;358,56;0,00;0,00;0,00;0,0;0,00;0,00;16900,00;19212,22;0,00;0,00;0,00;0,00;0;0
Uldurico Junior;BA;MDB;0,00;1505,86;120000,00;136000,00;0,00;34,27;2100,57;0,00;5830,93;0,0;0,00;0,00;0,00;126203,36;0,00;0,00;0,00;0,00;0;0
Luizianne Lins;CE;PT;40103,20;10263,78;47200,00;124614,00;0,00;7871,20;1014,27;6948,73;4551,90;20800,0;317,51;1142,90;39130,00;79576,88;0,00;0,00;3942,40;0,00;0;0
Evair Vieira de Melo;ES;PP;7589,93;58388,09;0,00;91333,33;4907,17;8102,78;886,95;0,00;2302,38;0,0;0,00;615,00;78110,00;59683,60;0,00;0,00;0,00;0,00;0;0
Helder Salomão;ES;PT;35381,20;34372,25;73500,00;51396,27;32040,37;12282,53;212,24;0,00;4826,12;0,0;1370,96;0,00;47210,00;0,00;0,00;0,00;0,00;0,00;0;0
Célio Silveira;GO;MDB;1206,50;48722,93;90000,00;75000,00;0,00;3132,73;4417,01;0,00;1502,00;0,0;0,00;0,00;0,00;0,00;0,00;0,00;0,00;0,00;0;0
Lucas Vergilio;GO;SOLIDARIEDADE;463,20;34150,40;117000,00;7000,00;0,00;49,06;0,00;0,00;0,00;0,0;0,00;0,00;58403,09;0,00;0,00;0,00;0,00;0,00;0;0
Aluisio Mendes;MA;PSC;58268,16;35384,76;0,00;5500,00;0,00;11265,21;1631,79;0,00;12107,82;0,0;639,91;0,00;65000,00;110383,42;0,00;0,00;0,00;0,00;0;0
André Fufuca;MA;PP;0,00;16112,00;0,00;35019,40;0,00;5927,10;1639,71;0,00;0,00;0,0;0,00;38554,66;61100,00;128777,29;0,00;0,00;0,00;0,00;0;0
Hildo Rocha;MA;MDB;2961,30;36604,45;36000,00;101395,71;0,00;6275,53;1971,95;0,00;6838,06;0,0;0,00;54881,84;21000,00;54119,46;0,00;0,00;0,00;0,00;0;0
Juscelino Filho;MA;UNIÃO;42932,47;36700,55;99000,00;15100,00;0,00;19454,87;848,47;0,00;0,00;0,0;0,00;118403,57;66000,00;0,00;0,00;0,00;0,00;0,00;0;0
Rubens Pereira Júnior;MA;PT;4899,00;0,00;134800,00;117450,00;0,00;97,54;1485,92;0,00;0,00;0,0;0,00;4797,97;0,00;92581,82;0,00;0,00;0,00;0,00;0;0
Victor Mendes;MA;MDB;389,00;22174,83;75000,00;1200,00;13357,34;45,32;822,92;602,75;0,00;0,0;0,00;3296,96;46000,00;11403,05;0,00;0,00;0,00;0,00;0;0
Zé Carlos;MA;PT;66895,49;22139,63;0,00;28800,00;0,00;17275,74;402,61;3757,36;3566,40;0,0;4657,72;7152,02;83460,00;115186,23;248,00;4977,00;0,00;0,00;0;0
Misael Varella;MG;PSD;89706,42;48366,58;12000,00;90265,00;0,00;5918,66;685,34;0,00;0,00;0,0;0,00;24400,46;0,00;988,10;0,00;0,00;0,00;0,00;0;0
Newton Cardoso Jr;MG;MDB;26400,00;12782,72;12000,00;108669,75;11618,89;2953,29;680,84;0,00;0,00;0,0;0,00;39789,16;66665,00;1373,00;0,00;0,00;0,00;0,00;0;0
Tereza Cristina;MS;PP;9774,30;16404,26;40000,00;4500,00;0,00;1457,45;457,27;0,00;0,00;0,0;0,00;5573,64;0,00;66230,70;0,00;0,00;0,00;0,00;0;0
Delegado Éder Mauro;PA;PL;0,00;18420,38;45000,00;0,00;0,00;26,87;0,00;0,00;0,00;0,0;0,00;103747,97;50000,00;0,00;0,00;0,00;0,00;0,00;108000;0
Hélio Leite;PA;UNIÃO;7685,90;56640,46;0,00;166200,00;0,00;5879,50;169,33;0,00;441,00;0,0;0,00;0,00;0,00;77329,84;0,00;0,00;0,00;0,00;0;0
Joaquim Passarinho;PA;PL;49723,21;20509,13;0,00;18880,00;0,00;7959,06;3262,55;0,00;11918,52;0,0;0,00;56996,89;32622,28;125290,35;0,00;0,00;0,00;0,00;0;0
Pedro Cunha Lima;PB;PSDB;0,00;3839,88;10000,00;11500,00;0,00;35,24;78,19;0,00;0,00;0,0;0,00;8707,16;0,00;19977,93;0,00;0,00;0,00;0,00;0;0
Daniel Coelho;PE;CIDADANIA;31705,50;42533,28;40500,00;65092,38;0,00;10657,33;383,00;0,00;0,00;0,0;0,00;0,00;122148,32;55624,70;0,00;0,00;0,00;0,00;0;0
Ricardo Teobaldo;PE;PODE;136374,36;3385,53;3000,00;40000,00;0,00;16976,43;25,61;0,00;0,00;0,0;0,00;2970,02;125000,00;24369,44;0,00;0,00;0,00;0,00;0;0
Sebastião Oliveira;PE;AVANTE;82071,58;49312,88;54000,00;6500,00;2889,23;9350,88;711,03;0,00;0,00;14000,0;0,00;16124,58;88107,26;46740,24;0,00;0,00;0,00;0,00;0;0
Tadeu Alencar;PE;PSB;69255,35;56852,48;0,00;10820,10;17555,45;11029,24;1928,79;0,00;30833,63;0,0;6262,12;342,90;97025,96;68884,31;0,00;0,00;212,30;0,00;0;0
Capitão Fábio Abreu;PI;PSD;55946,80;2107,81;105000,00;74560,00;0,00;4874,35;5017,66;419,05;0,00;0,0;0,00;3844,28;0,00;80028,33;0,00;80074,80;0,00;0,00;0;0
Rejane Dias;PI;PT;59121,94;32234,59;0,00;0,00;0,00;4365,59;0,00;0,00;0,00;0,0;0,00;0,00;91000,00;55617,09;0,00;0,00;0,00;0,00;0;0
Aliel Machado;PR;PV;30080,95;44798,12;0,00;90800,00;5098,11;77,51;18285,71;0,00;2148,00;0,0;828,66;1533,33;84985,72;65096,53;0,00;0,00;0,00;0,00;0;0
Christiane de Souza Yared;PR;PP;86534,99;8593,72;0,00;60000,00;0,00;5868,86;930,94;1520,74;0,00;0,0;0,00;4331,56;26600,00;120454,71;0,00;0,00;0,00;0,00;0;0
Diego Garcia;PR;REPUBLICANOS;43286,52;42368,07;0,00;40174,78;14928,80;28117,86;1617,03;0,00;6763,01;0,0;5276,94;2473,56;25551,95;42108,00;3062,42;0,00;0,00;0,00;0;0
Roman;PR;PP;12515,53;23631,02;20000,00;47450,00;0,00;8005,36;183,60;0,00;5259,44;0,0;4703,70;1944,31;6000,00;25245,91;325,76;0,00;0,00;0,00;0;0
Luciano Ducci;PR;PSB;97071,21;38232,39;72000,00;17400,00;0,00;7288,37;77,20;0,00;1802,00;0,0;0,00;7115,08;19290,00;65814,32;0,00;0,00;0,00;0,00;0;0
Sergio Souza;PR;MDB;73549,16;48681,61;0,00;24335,09;1611,64;9323,79;1771,76;0,00;13441,50;0,0;3842,90;77914,97;103259,00;0,00;0,00;0,00;584,10;0,00;0;0
Toninho Wandscheer;PR;PROS;59815,38;23925,99;42400,00;106500,00;0,00;6403,12;586,32;78,73;1460,24;0,0;2278,00;14656,54;17780,00;32583,60;649,90;0,00;0,00;0,00;0;0
Rossoni;PR;PSDB;25762,91;12526,92;39000,00;14500,00;0,00;2020,53;930,13;130,00;1896,73;0,0;0,00;1992,46;55200,00;24916,89;0,00;0,00;0,00;0,00;0;0
Altineu Côrtes;RJ;PL;6381,83;0,00;0,00;72500,00;39431,12;14,58;244,50;0,00;0,00;0,0;0,00;0,00;5200,00;44552,65;0,00;0,00;0,00;0,00;0;0
Clarissa Garotinho;RJ;UNIÃO;376,60;11689,29;0,00;32900,00;0,00;13091,74;0,00;766,52;0,00;0,0;432,30;1999,83;8360,00;219346,70;0,00;0,00;0,00;0,00;0;0
Marcos Soares;RJ;UNIÃO;16773,62;48597,69;0,00;32169,69;0,00;4286,90;2134,50;13894,08;4928,42;0,0;7445,02;0,00;44104,50;68926,82;155,98;0,00;0,00;0,00;0;0
Rosangela Gomes;RJ;REPUBLICANOS;39509,01;13967,03;24000,00;85300,00;3980,07;6386,88;1017,81;1574,72;2577,99;0,0;0,00;27502,67;80000,00;32635,64;0,00;0,00;0,00;0,00;0;0
Soraya Santos;RJ;PL;2504,70;4136,29;50100,00;1100,00;0,00;19609,71;4094,25;0,00;2116,91;0,0;500,00;5236,74;0,00;151981,25;0,00;0,00;0,00;0,00;0;0
Sóstenes Cavalcante;RJ;PL;419,00;35778,71;0,00;67250,00;0,00;55,71;396,27;0,00;0,00;0,0;9587,61;1022,76;92500,00;76359,58;0,00;0,00;0,00;0,00;0;0
Beto Rosado;RN;PP;19141,30;57410,94;128300,00;89000,00;0,00;6995,12;6171,48;0,00;4173,00;0,0;0,00;1968,25;22562,08;77828,37;0,00;0,00;0,00;0,00;0;0
Rafael Motta;RN;PSB;14342,55;19811,18;40000,00;50800,00;552,10;6997,38;228,72;0,00;693,00;0,0;0,00;5246,90;4300,00;108972,46;0,00;0,00;0,00;0,00;0;0
Walter Alves;RN;MDB;28590,62;36596,45;72000,00;68500,00;0,00;5183,34;199,32;0,00;0,00;0,0;0,00;104715,00;0,00;0,00;0,00;0,00;0,00;0,00;0;0
Expedito Netto;RO;PSD;295,30;33518,72;0,00;34500,00;0,00;11341,28;389,34;61,59;10384,80;0,0;0,00;0,00;58200,00;61661,50;0,00;0,00;0,00;0,00;0;0
Lucio Mosquini;RO;MDB;4277,41;48093,83;0,00;93613,00;0,00;13596,15;2517,63;2280,59;8966,00;31850,0;0,00;62424,62;24800,00;13818,90;0,00;0,00;0,00;0,00;0;0
Mariana Carvalho;RO;REPUBLICANOS;4397,40;8271,12;0,00;123265,60;0,00;9077,44;1347,26;0,00;250,00;0,0;0,00;0,00;0,00;53949,67;0,00;0,00;0,00;0,00;0;0
Hiran Gonçalves;RR;PP;14802,42;42216,18;72000,00;125000,00;0,00;17804,16;997,34;0,00;0,00;0,0;0,00;26132,24;11760,00;65236,78;0,00;0,00;0,00;0,00;0;0
Shéridan;RR;PSDB;4998,86;13463,54;160000,00;21980,00;113454,82;4928,50;587,59;0,00;0,00;0,0;0,00;0,00;49500,00;0,00;976,00;0,00;0,00;0,00;0;0
Carlos Gomes;RS;REPUBLICANOS;71852,02;36442,92;0,00;18880,00;0,00;8641,41;154,55;2922,15;8044,02;0,0;397,75;4234,88;25941,13;90118,96;0,00;0,00;0,00;0,00;0;0
Covatti Filho;RS;PP;84043,21;19708,89;0,00;96958,50;0,00;9835,73;448,64;0,00;558,00;0,0;0,00;1562,38;88670,00;54855,52;0,00;0,00;0,00;0,00;0;0
Heitor Schuch;RS;PSB;59286,84;34529,57;0,00;79049,09;0,00;12478,83;2058,47;999,18;10848,22;0,0;3700,65;2785,34;53097,61;48005,79;93,95;0,00;1454,30;0,00;0;0
Geovania de Sá;SC;PSDB;39922,46;48167,83;0,00;100865,39;0,00;4407,17;3179,32;2634,13;17442,18;0,0;2432,08;0,00;71533,33;41601,34;0,00;0,00;0,00;0,00;0;0
Fábio Mitidieri;SE;PSD;4785,30;26007,68;11000,00;54480,00;0,00;1689,27;57,39;0,00;0,00;0,0;0,00;2401,99;70200,00;56604,18;0,00;0,00;0,00;0,00;0;0
João Daniel;SE;PT;84760,14;59537,57;60660,00;33660,00;12039,22;3155,55;59,99;0,00;0,00;0,0;0,00;0,00;90000,00;36387,62;0,00;0,00;0,00;0,00;0;0
Alex Manente;SP;CIDADANIA;29578,14;0,00;0,00;13296,42;0,00;4254,24;587,20;0,00;0,00;0,0;0,00;18367,02;11400,00;57874,42;0,00;0,00;0,00;0,00;0;0
Baleia Rossi;SP;MDB;117311,99;6990,19;0,00;10000,00;0,00;22997,01;13285,06;0,00;0,00;0,0;0,00;7571,18;38278,80;50508,44;0,00;1677,60;595,00;0,00;0;0
Eduardo Cury;SP;PSDB;92986,93;40522,44;0,00;4067,66;0,00;11225,33;673,56;3876,51;7159,25;0,0;906,49;39392,28;81900,00;41036,83;0,00;1620,00;1275,53;0,00;0;0
Herculano Passos;SP;REPUBLICANOS;57963,93;60181,28;10500,00;135238,15;3110,83;7448,92;699,07;779,64;4849,35;0,0;7156,21;735,66;34799,67;34530,35;0,00;0,00;0,00;0,00;0;0
Marcio Alvino;SP;PL;0,00;0,00;0,00;0,00;0,00;134,51;0,00;0,00;0,00;0,0;0,00;0,00;0,00;0,00;0,00;0,00;0,00;0,00;0;0
Miguel Haddad;SP;PSDB;15459,91;2650,99;0,00;35500,00;0,00;1167,00;0,00;0,00;0,00;0,0;0,00;0,00;0,00;1780,23;0,00;0,00;0,00;0,00;0;0
Miguel Lombardi;SP;PL;19857,96;32198,11;0,00;81210,00;0,00;10741,45;4757,19;0,00;1052,00;0,0;3159,66;30544,47;32385,00;2021,36;0,00;0,00;300,00;0,00;0;0
Nilto Tatto;SP;PT;43164,96;34857,19;9049,39;117897,00;0,00;15742,80;6807,51;1278,15;7904,75;0,0;13225,54;8443,15;6939,74;66540,37;0,00;0,00;0,00;0,00;0;0
Orlando Silva;SP;PCdoB;19482,00;42112,54;90900,00;21000,00;2236,64;6801,08;648,89;0,00;0,00;0,0;2966,11;8785,07;57950,00;75301,66;0,00;0,00;0,00;0,00;0;0
Renata Abreu;SP;PODE;15172,56;27055,95;0,00;86526,44;0,00;4544,00;2422,63;0,00;0,00;0,0;130,40;9120,79;0,00;55102,71;0,00;0,00;0,00;0,00;0;0
Samuel Moreira;SP;PSDB;90289,61;17824,50;0,00;62791,61;0,00;6542,16;455,64;0,00;9786,96;0,0;2526,60;0,00;24150,00;75076,05;0,00;0,00;0,00;0,00;0;0
Vitor Lippi;SP;PSDB;130556,63;55915,01;0,00;67327,65;90,00;4699,47;1033,65;1511,81;18377,54;0,0;7735,27;5796,11;0,00;16408,85;568,24;0,00;1377,53;0,00;0;0
Carlos Henrique Gaguim;TO;UNIÃO;83728,20;45325,36;0,00;57200,00;0,00;14759,22;145,24;0,00;0,00;0,0;0,00;68346,92;92000,00;5162,65;0,00;0,00;0,00;0,00;0;0
Dulce Miranda;TO;MDB;37974,58;32417,99;111000,00;117350,00;1922,67;5364,08;404,95;0,00;5481,61;0,0;0,00;17706,63;11805,06;41249,65;0,00;2708,42;0,00;0,00;0;0
Giovani Feltes;RS;MDB;82601,31;45258,16;14000,00;30955,00;0,00;4637,43;2249,52;2449,18;11581,04;0,0;12,80;17845,45;15220,00;67073,65;0,00;0,00;0,00;0,00;0;0
Moses Rodrigues;CE;UNIÃO;0,00;4543,71;117000,00;60000,00;0,00;5612,03;260,65;0,00;0,00;0,0;0,00;27937,86;0,00;75791,78;0,00;0,00;0,00;0,00;0;0
Marcelo Álvaro Antônio;MG;PL;816,80;11811,34;131100,00;22500,00;0,00;4238,13;913,29;0,00;399,00;0,0;0,00;44794,04;48500,00;20337,11;0,00;0,00;0,00;0,00;0;0
Márcio Biolchi;RS;MDB;14956,01;42215,75;0,00;50181,00;0,00;7445,03;97,59;7893,89;10781,10;0,0;12142,13;86625,60;67380,86;29710,22;0,00;0,00;0,00;0,00;0;0
Vitor Hugo;GO;PL;51950,02;44514,18;0,00;32460,00;0,00;276,89;25747,26;1292,30;5588,89;0,0;638,59;0,00;78400,00;3036,65;79,99;3845,60;0,00;0,00;0;0
Merlong Solano;PI;PT;43911,73;43308,33;24000,00;87083,30;0,00;6390,65;2669,79;1945,96;970,00;0,0;0,00;325,80;64000,00;47319,90;0,00;0,00;0,00;0,00;0;0
Flávio Nogueira;PI;PT;48182,04;3781,93;70000,00;36000,00;0,00;6724,00;362,69;0,00;3578,96;0,0;0,00;355,89;90000,00;49111,82;0,00;86199,64;0,00;0,00;0;0
Paulo Eduardo Martins;PR;PL;6227,00;10693,37;0,00;0,00;0,00;171,50;0,00;0,00;0,00;0,0;0,00;4869,16;0,00;66720,24;0,00;0,00;0,00;0,00;0;0
Nivaldo Albuquerque;AL;REPUBLICANOS;0,00;0,00;290000,00;0,00;0,00;6303,90;211,45;0,00;0,00;0,0;0,00;13035,03;0,00;79877,88;0,00;0,00;0,00;0,00;0;0
Vaidon Oliveira;CE;UNIÃO;16748,61;19265,45;47000,00;26000,00;0,00;1395,25;0,00;0,00;0,00;0,0;0,00;45615,36;55800,00;0,00;0,00;0,00;0,00;0,00;0;0
Lourival Gomes;RJ;PP;16004,81;30472,04;106000,00;54300,00;0,00;2874,32;0,00;116,00;0,00;0,0;174,70;0,00;59300,00;30552,11;0,00;0,00;0,00;0,00;0;0
Tito;BA;AVANTE;1352,56;42806,54;948,00;125800,00;739,25;168,08;401,33;0,00;8444,11;0,0;0,00;0,00;61300,00;35609,13;359,98;0,00;0,00;0,00;0;0
Greyce Elias;MG;AVANTE;28547,30;32956,18;0,00;46343,43;310,00;8447,45;4646,83;0,00;7461,97;0,0;3200,11;3571,80;2201,53;31793,60;4103,51;0,00;0,00;0,00;0;0
Emanuel Pinheiro Neto;MT;MDB;7374,00;38729,39;0,00;35000,00;23405,06;2533,02;153,27;0,00;7264,08;0,0;0,00;103215,42;41393,75;0,00;0,00;0,00;0,00;0,00;0;0
Dr. Luiz Ovando;MS;PP;60618,69;44089,45;0,00;96950,00;0,00;4943,74;1139,97;125,94;5719,00;0,0;594,60;0,00;72300,00;54849,78;0,00;0,00;0,00;0,00;0;0
Camilo Capiberibe;AP;PSB;63574,37;25817,89;30900,00;79365,54;427,90;2079,58;6372,91;0,00;555,36;0,0;743,62;4751,17;64053,95;60386,45;0,00;0,00;0,00;0,00;0;0
Aline Gurgel;AP;REPUBLICANOS;0,00;0,00;193000,00;171400,00;0,00;952,04;51,16;0,00;0,00;0,0;0,00;92,11;0,00;60037,17;0,00;0,00;0,00;0,00;0;0
Flávia Arruda;DF;PL;631,30;14891,73;0,00;0,00;0,00;64,65;0,00;0,00;0,00;0,0;0,00;0,00;75916,46;3420,20;0,00;0,00;0,00;0,00;0;0
Da Vitoria;ES;PP;127895,40;49818,13;0,00;79000,30;2623,23;5262,68;1404,90;0,00;0,00;0,0;0,00;0,00;6800,00;66507,54;0,00;0,00;0,00;0,00;0;0
Amaro Neto;ES;REPUBLICANOS;44640,78;19254,59;36000,00;70000,00;0,00;11,90;215,71;0,00;0,00;0,0;0,00;0,00;0,00;96026,59;0,00;0,00;0,00;0,00;0;0
Rose Modesto;MS;UNIÃO;79713,66;8850,56;0,00;44900,00;51988,69;4610,63;172,90;0,00;0,00;0,0;0,00;0,00;8400,00;0,00;0,00;0,00;0,00;0,00;0;0
Beto Pereira;MS;PSDB;42012,43;73918,36;0,00;71860,00;0,00;9105,70;183,95;0,00;20851,27;0,0;0,00;871,80;69500,00;48228,66;0,00;2892,30;0,00;0,00;0;0
Léo Moraes;RO;PODE;521,10;20410,11;38000,00;73900,00;0,00;1998,91;0,00;0,00;7139,63;0,0;0,00;4517,65;0,00;76025,17;0,00;0,00;0,00;0,00;0;0
Silvia Cristina;RO;PL;30691,68;51012,50;0,00;143320,00;0,00;2570,46;1542,78;327,78;5415,38;0,0;0,00;90963,70;0,00;19099,89;0,00;0,00;0,00;0,00;0;0
Carlos Chiodini;SC;MDB;3600,00;46395,12;0,00;12100,00;0,00;3889,22;343,16;669,04;19722,38;0,0;68,00;0,00;51000,00;121245,78;0,00;0,00;0,00;0,00;0;0
Ricardo Guidi;SC;PSD;39711,49;46073,01;0,00;23920,00;0,00;3451,62;2314,94;4303,36;16059,46;0,0;1113,56;0,00;42278,82;34829,40;0,00;0,00;500,00;0,00;0;0
Osires Damaso;TO;PSC;11720,71;21068,11;165000,00;34850,00;0,00;667,07;34,61;0,00;0,00;0,0;0,00;0,00;0,00;22901,45;0,00;0,00;0,00;0,00;0;0
Eli Borges;TO;PL;35257,04;46566,03;157950,00;68430,00;0,00;1802,96;0,00;41,00;3598,00;0,0;880,54;0,00;74000,00;0,00;3352,65;0,00;0,00;0,00;0;0
Gilson Marques;SC;NOVO;420,25;8153,31;10000,00;5000,00;15614,88;73,15;0,00;0,00;0,00;0,0;1865,51;0,00;0,00;9930,24;0,00;0,00;0,00;0,00;0;0
Rodrigo Coelho;SC;PODE;1500,00;35442,47;5400,00;10500,00;0,00;51,29;0,00;0,00;0,00;0,0;0,00;0,00;0,00;54571,98;0,00;0,00;0,00;0,00;0;0
Daniel Freitas;SC;PL;37247,53;43731,84;0,00;6480,00;0,00;1735,60;0,00;0,00;6681,89;0,0;0,00;0,00;75900,00;125949,04;0,00;0,00;0,00;0,00;0;0
Fabio Schiochet;SC;UNIÃO;6350,00;47640,01;110000,00;2693,60;0,00;6155,16;3779,35;0,00;6135,65;0,0;0,00;2980,79;99700,00;81514,55;0,00;0,00;0,00;0,00;0;0
Caroline de Toni;SC;PL;298,00;15077,25;0,00;12715,96;0,00;1230,48;217,38;0,00;22322,85;0,0;363,61;0,00;20440,00;31049,76;0,00;0,00;0,00;0,00;0;0
Célio Moura;TO;PT;64103,18;58495,13;93500,00;57850,00;6987,62;10734,15;1094,99;3738,96;35251,00;0,0;639,45;0,00;48457,79;55026,44;120,00;0,00;0,00;0,00;0;0
Felipe Rigoni;ES;UNIÃO;78634,36;30530,01;1300,00;19216,29;1540,49;35,48;23373,39;0,00;6706,15;0,0;5794,38;95,00;30823,64;104596,58;113,99;0,00;1344,32;0,00;0;0
Julio Cesar Ribeiro;DF;REPUBLICANOS;719,70;16443,60;129000,00;40300,00;0,00;1981,42;0,00;0,00;0,00;0,0;42,93;0,00;59100,00;9990,30;0,00;0,00;0,00;0,00;0;0
Hélio Costa;SC;PSD;47846,70;58867,54;49000,00;34970,00;0,00;6099,81;16096,67;1147,85;5879,00;0,0;2485,46;0,00;75340,50;70121,15;0,00;0,00;0,00;0,00;0;0
Bia Kicis;DF;PL;85283,29;23719,56;0,00;56000,00;0,00;20,12;328,31;145,00;0,00;0,0;0,00;0,00;40000,00;5696,89;0,00;0,00;0,00;0,00;0;0
Leda Sadala;AP;PP;1369,00;18267,05;33000,00;96600,00;0,00;2304,18;85,53;799,42;1194,10;0,0;15,00;10888,86;22289,75;157702,33;0,00;0,00;0,00;0,00;0;0
Coronel Armando;SC;PL;41198,53;50173,63;0,00;70773,00;12994,48;15,29;1429,30;0,00;10082,97;0,0;0,00;54472,60;1294,72;0,00;340,32;0,00;0,00;0,00;0;0
Coronel Chrisóstomo;RO;PL;36452,49;31705,80;0,00;114500,00;0,00;1138,99;0,00;3578,21;8401,00;0,0;0,00;98748,95;71970,02;0,00;0,00;0,00;0,00;0,00;0;0
Acácio Favacho;AP;MDB;50725,38;7536,90;0,00;90110,00;0,00;2631,07;379,21;0,00;0,00;0,0;0,00;0,00;67500,00;108158,36;0,00;32000,00;0,00;0,00;0;0
Celina Leão;DF;PP;20928,40;17156,95;0,00;48850,00;0,00;215,19;155,03;0,00;0,00;0,0;0,00;0,00;12000,00;2276,83;0,00;0,00;0,00;0,00;0;0
Luis Miranda;DF;REPUBLICANOS;1078,13;14657,25;0,00;33000,00;0,00;70,50;202,06;0,00;0,00;0,0;0,00;5944,29;46077,75;92082,45;0,00;0,00;0,00;0,00;0;0
Loester Trutis;MS;PL;55630,09;28515,23;132000,00;64500,00;9019,96;4197,75;0,00;0,00;4049,00;0,0;0,00;23579,83;66980,00;35988,39;0,00;0,00;0,00;0,00;0;0
Professor Israel Batista;DF;PSB;5740,60;13502,56;59200,00;112400,00;0,00;37,30;0,00;0,00;4462,95;0,0;1006,17;0,00;57119,32;11973,54;0,00;0,00;0,00;0,00;0;0
Ney Leprevost;PR;UNIÃO;3823,56;19150,26;189874,20;0,00;0,00;10,68;835,79;0,00;0,00;0,0;0,00;0,00;0,00;36605,86;0,00;0,00;0,00;0,00;0;0
Valdevan Noventa;SE;PL;1080,00;0,00;0,00;60000,00;0,00;12,10;0,00;0,00;0,00;0,0;0,00;0,00;14800,00;87479,19;0,00;0,00;0,00;0,00;0;0
Jose Mario Schreiner;GO;MDB;57922,25;16048,32;0,00;126000,00;0,00;384,77;3032,82;0,00;551,00;0,0;0,00;0,00;118800,00;0,00;0,00;0,00;0,00;0,00;0;0
Sargento Fahur;PR;PSD;34761,63;43575,83;0,00;0,00;5669,71;4975,71;733,60;5719,80;1273,26;0,0;164,40;53430,10;42194,50;42627,58;0,00;0,00;0,00;0,00;0;0
Bibo Nunes;RS;PL;57150,00;43197,76;0,00;184054,27;12875,69;980,28;2819,46;9733,46;5324,85;0,0;4031,64;72,95;64434,00;54383,00;0,00;0,00;1080,00;0,00;0;0
Elias Vaz;GO;PSB;357,00;13229,86;38160,00;86182,42;1831,73;3220,92;0,00;0,00;1096,00;0,0;1034,69;0,00;19778,00;0,00;0,00;0,00;27,70;0,00;0;0
Professor Alcides;GO;PL;79975,20;59562,26;0,00;75000,00;0,00;1093,48;45,54;0,00;0,00;0,0;0,00;0,00;119900,00;0,00;0,00;0,00;0,00;0,00;0;0
José Nelto;GO;PP;2959,00;30660,61;137500,00;184764,19;0,00;182,71;80,42;0,00;3499,70;0,0;0,00;0,00;0,00;0,00;0,00;0,00;0,00;0,00;0;0
Francisco Jr.;GO;PSD;52480,70;37623,50;110000,00;28000,00;0,00;6632,00;0,00;0,00;1122,80;0,0;0,00;0,00;73770,00;0,00;69,99;0,00;0,00;0,00;0;0
Frei Anastacio Ribeiro;PB;PT;53175,01;38843,13;41000,00;156600,00;0,00;2775,49;0,00;467,28;10150,00;0,0;0,00;85,00;0,00;58281,04;0,00;1980,00;0,00;0,00;0;0
Gervásio Maia;PB;PSB;24679,31;37514,15;32000,00;38010,00;977,90;1960,89;190,93;0,00;6376,77;0,0;9793,87;0,00;61398,67;53669,75;0,00;0,00;0,00;0,00;0;0
Pedro Lupion;PR;PP;10882,30;25904,74;158850,00;16750,00;0,00;1826,67;34,61;0,00;1215,00;0,0;0,00;30415,23;8665,27;52788,53;0,00;0,00;0,00;0,00;0;0
Vermelho;PR;PL;65622,53;39854,94;46000,00;92550,00;0,00;3330,00;399,82;0,00;0,00;0,0;983,00;1807,09;33660,00;72525,02;0,00;0,00;0,00;0,00;0;0
Felipe Francischini;PR;UNIÃO;43048,96;38401,35;24000,00;62600,00;0,00;4499,81;389,90;0,00;10354,52;0,0;93,78;0,00;5930,95;96780,28;0,00;0,00;0,00;0,00;0;0
Aline Sleutjes;PR;PROS;27076,34;45284,04;0,00;72102,24;0,00;31,41;26,80;0,00;17649,43;0,0;0,00;2549,95;1226,53;94492,21;0,00;0,00;0,00;0,00;0;0
Marlon Santos;RS;PL;45496,65;35382,71;63000,00;70585,00;0,00;4903,12;1755,55;0,00;1433,40;0,0;0,00;105547,47;0,00;4576,66;0,00;0,00;0,00;0,00;0;0
Lucas Redecker;RS;PSDB;106228,68;40952,74;0,00;348,78;0,00;5856,70;63,47;0,00;10206,03;0,0;4645,92;10303,87;30978,21;88129,34;80,00;0,00;0,00;0,00;0;0
Liziane Bayer;RS;REPUBLICANOS;145319,28;23469,93;0,00;91895,00;0,00;10094,73;4121,71;965,72;16087,20;0,0;2702,37;41699,51;63926,13;28682,68;370,10;0,00;253,00;0,00;0;0
Pedro Westphalen;RS;PP;83102,50;42472,66;0,00;60750,00;2024,46;5830,63;776,75;708,71;19316,83;0,0;0,00;57920,31;65474,51;34588,97;182,05;0,00;0,00;0,00;0;0
Fernanda Melchionna;RS;PSOL;67595,29;30541,11;4000,00;103152,00;0,00;1595,96;1308,70;167,23;1309,00;0,0;2737,50;6860,26;615,33;73106,48;919,65;0,00;1937,20;0,00;0;0
Gustinho Ribeiro;SE;REPUBLICANOS;0,00;0,00;198000,00;3000,00;0,00;28,04;0,00;0,00;0,00;0,0;0,00;15984,11;0,00;77481,22;0,00;0,00;0,00;0,00;0;0
Daniel Trzeciak;RS;PSDB;61191,49;61824,67;20000,00;0,00;0,00;44,35;0,00;0,00;23654,11;0,0;5049,68;0,00;0,00;48452,81;0,00;0,00;935,40;0,00;0;0
Luisa Canziani;PR;PSD;74549,83;36908,38;28359,00;52928,00;0,00;10497,00;2163,99;0,00;2202,71;0,0;0,00;1651,09;29600,00;46740,41;0,00;0,00;0,00;0,00;0;0
Filipe Barros;PR;PL;67800,26;14964,98;39000,00;21536,00;2687,66;4011,81;6502,76;0,00;23847,73;0,0;2165,69;0,00;26690,04;70532,82;0,00;1140,00;498,40;0,00;0;0
Dr. Zacharias Calil;GO;UNIÃO;40045,99;23925,95;0,00;68100,00;0,00;3835,21;0,00;4922,12;0,00;0,0;1122,97;0,00;86100,00;0,00;0,00;0,00;0,00;0,00;0;0
Alcides Rodrigues;GO;PATRIOTA;80124,61;18787,72;232100,00;0,00;0,00;1099,58;360,61;378,13;6580,00;0,0;1638,86;0,00;0,00;0,00;1766,83;0,00;0,00;0,00;0;0
Aroldo Martins;PR;REPUBLICANOS;41140,25;56367,25;53500,00;43050,00;0,00;1765,62;1789,66;686,49;7167,96;0,0;0,00;0,00;44800,00;50023,58;0,00;0,00;0,00;0,00;0;0
Nereu Crispim;RS;PSD;60644,19;56567,68;24035,00;128767,47;2774,23;13735,92;908,55;331,01;24552,20;0,0;6198,63;768,32;63450,00;33209,57;0,00;5006,64;0,00;0,00;0;0
Sanderson;RS;PL;35473,65;41381,18;88000,00;22295,03;2236,46;4495,51;736,05;0,00;17849,46;0,0;508,00;7650,59;60309,63;85917,79;943,60;0,00;0,00;0,00;0;0
Luizão Goulart;PR;SOLIDARIEDADE;84029,77;50073,07;0,00;67530,00;0,00;3625,23;493,99;1885,73;5815,02;0,0;780,10;269,82;0,00;65398,68;0,00;0,00;0,00;0,00;0;0
Glaustin da Fokus;GO;PSC;63826,07;0,00;15000,00;162670,00;0,00;761,18;0,00;0,00;0,00;0,0;0,00;0,00;0,00;0,00;0,00;0,00;0,00;0,00;0;0
Julian Lemos;PB;UNIÃO;0,00;54196,38;0,00;60000,00;0,00;0,94;0,00;0,00;0,00;0,0;0,00;66,57;0,00;159894,16;0,00;0,00;0,00;0,00;0;0
Edna Henrique;PB;REPUBLICANOS;186,20;8756,33;12000,00;131350,00;1293,35;51,35;83,63;0,00;0,00;0,0;0,00;33,90;55900,00;33929,73;0,00;0,00;0,00;0,00;0;0
Ossesio Silva;PE;REPUBLICANOS;105132,74;24437,71;10000,00;8343,26;0,00;15154,55;1004,47;509,08;11555,76;0,0;0,00;11725,04;97083,33;48515,78;0,00;0,00;0,00;0,00;0;0
André Ferreira;PE;PL;29500,06;48546,93;18000,00;38138,35;3016,79;7974,50;60475,92;508,77;5955,66;0,0;0,00;1504,69;114795,00;63506,58;0,00;0,00;0,00;0,00;0;0
Silvio Costa Filho;PE;REPUBLICANOS;68037,14;61861,09;28500,00;65250,00;0,00;7218,08;445,85;0,00;2728,98;0,0;0,00;5732,05;99310,00;60087,74;0,00;0,00;0,00;0,00;0;0
Carlos Veras;PE;PT;56240,63;48364,29;42000,00;54165,00;0,00;8782,71;2711,63;0,00;16512,75;0,0;474,32;3089,29;69233,00;38981,74;296,50;0,00;0,00;0,00;0;0
Fernando Rodolfo;PE;PL;43571,45;2050,00;69500,00;34000,00;1126,48;90,95;327,71;0,00;520,00;0,0;0,00;0,00;53629,28;90427,93;0,00;0,00;0,00;0,00;0;0
Marília Arraes;PE;SOLIDARIEDADE;38881,67;23278,48;45000,00;63850,00;0,00;15268,34;1756,89;0,00;2458,20;0,0;0,00;0,00;10000,00;74842,99;0,00;0,00;150,00;0,00;0;0
Margarete Coelho;PI;PP;68252,84;36558,78;70000,00;65000,00;0,00;8803,45;2533,71;0,00;3188,00;0,0;0,00;6031,05;0,00;103625,76;0,00;0,00;0,00;0,00;0;0
Marcos Aurélio Sampaio;PI;PSD;16239,03;39290,00;0,00;75000,00;0,00;5,34;0,00;0,00;1390,00;0,0;0,00;0,00;120000,00;54219,15;0,00;0,00;0,00;0,00;0;0
Marina Santos;PI;REPUBLICANOS;91,96;40779,59;70000,00;102800,00;2133,24;65,33;175,55;0,00;0,00;14600,0;0,00;4937,10;45960,18;76636,56;0,00;0,00;0,00;0,00;0;0
Marcelo Calero;RJ;PSD;65707,51;24362,32;0,00;294,00;17552,62;1411,11;0,00;3052,75;4746,76;0,0;5451,25;0,00;43060,56;29913,25;0,00;0,00;0,00;0,00;0;0
Dra. Vanda Milani;AC;PROS;114,00;36942,48;151000,00;102900,00;0,00;2846,85;0,00;36,00;720,00;0,0;0,00;35381,64;0,00;62773,86;0,00;0,00;0,00;0,00;0;0
Jesus Sérgio;AC;PDT;552,30;20154,24;80000,00;131650,00;0,00;6258,81;1549,71;0,00;0,00;12000,0;0,00;2360,99;96000,00;57118,76;0,00;0,00;0,00;0,00;15000;0
Isnaldo Bulhões Jr.;AL;MDB;0,00;47826,57;20000,00;0,00;0,00;286,49;8118,39;0,00;4244,00;0,0;0,00;5356,20;100283,40;129226,76;0,00;0,00;0,00;0,00;0;0
Severino Pessoa;AL;MDB;19200,00;34683,24;42639,80;195400,00;0,00;83,64;4600,86;0,00;0,00;0,0;0,00;0,00;0,00;51262,26;0,00;0,00;0,00;0,00;0;0
Sergio Toledo;AL;PV;59094,90;400,00;0,00;92800,00;0,00;1089,13;0,00;0,00;0,00;0,0;0,00;4944,59;72000,00;39195,08;0,00;0,00;0,00;0,00;0;0
Dr. Leonardo;MT;REPUBLICANOS;52022,91;39530,17;0,00;49070,00;0,00;4553,66;41,61;207,73;14192,21;0,0;180,70;2891,23;95923,12;56091,13;329,13;0,00;0,00;0,00;0;0
Christino Aureo;RJ;PP;56582,54;31166,01;0,00;91552,20;0,00;2848,28;1972,46;1646,28;0,00;0,0;2130,06;6197,19;112200,00;52665,28;0,00;0,00;2494,20;0,00;0;0
Otoni de Paula;RJ;MDB;16582,81;48855,23;16000,00;40000,00;0,00;13287,68;66,27;0,00;0,00;0,0;0,00;2336,00;75000,00;88559,69;0,00;0,00;0,00;0,00;0;0
Gurgel;RJ;PL;29715,83;24316,87;23000,00;56546,83;2435,20;4934,56;0,00;0,00;0,00;0,0;34,24;32875,89;70547,00;47443,29;0,00;0,00;0,00;0,00;0;0
Helio Lopes;RJ;PL;1108,10;15485,89;0,00;96438,00;2487,46;3551,59;504,36;1013,67;1062,41;0,0;0,00;0,00;120304,00;87340,76;0,00;0,00;0,00;0,00;0;0
Professor Joziel;RJ;PATRIOTA;60069,87;20210,71;100000,00;79471,00;4608,74;845,24;0,00;7327,29;3566,38;0,0;236,85;0,00;0,00;46256,92;0,00;0,00;0,00;0,00;0;0
Flordelis;RJ;PSD;0,00;0,00;0,00;0,00;0,00;0,00;0,00;0,00;0,00;0,0;0,00;0,00;0,00;-771,00;0,00;0,00;0,00;0,00;0;0
Luiz Antônio Corrêa;RJ;PP;862,10;40163,07;0,00;162800,00;2515,23;10283,74;200,86;3731,25;4825,00;0,0;4331,95;22567,51;49224,27;31000,96;0,00;0,00;2748,83;0,00;0;0
Nelson Barbudo;MT;PL;18383,03;24521,55;30000,00;194500,00;50439,80;1433,97;434,00;0,00;3497,00;0,0;0,00;0,00;0,00;0,00;0,00;0,00;0,00;0,00;0;0
Dr. Luiz Antonio Teixeira Jr.;RJ;PP;435,00;36253,12;0,00;65000,00;0,00;7747,99;908,91;0,00;0,00;0,0;5278,63;0,00;76000,00;63908,81;0,00;4000,00;899,40;0,00;0;0
Delegado Antônio Furtado;RJ;UNIÃO;79066,69;52965,01;0,00;70761,96;0,00;3048,11;323,70;0,00;0,00;0,0;7545,41;0,00;35700,00;31731,12;0,00;1887,77;0,00;0,00;0;0
Márcio Labre;RJ;PL;801,70;0,00;117300,00;70000,00;0,00;3932,18;379,56;0,00;0,00;0,0;0,00;1080,83;16200,00;44984,14;0,00;0,00;0,00;0,00;0;0
Natália Bonavides;RN;PT;61433,45;33163,86;0,00;81469,63;1212,33;4707,49;207,64;0,00;10338,89;0,0;2058,73;465,46;19092,77;113737,31;482,50;0,00;669,64;0,00;0;0
Daniel Silveira;RJ;PTB;48103,03;54598,56;0,00;20600,00;0,00;2291,41;35,10;0,00;624,05;0,0;8723,72;169863,85;1359,70;0,00;1013,16;0,00;0,00;0,00;0;0
Luiz Lima;RJ;PL;74485,15;7239,37;0,00;39592,00;0,00;1847,47;34,61;0,00;0,00;0,0;0,00;48317,20;39900,00;48091,74;0,00;0,00;0,00;0,00;0;0
Gutemberg Reis;RJ;MDB;37637,21;48871,68;0,00;12000,00;0,00;16442,33;267,40;0,00;0,00;0,0;6068,00;3043,97;98340,00;97011,01;0,00;0,00;0,00;0,00;0;0
Juninho do Pneu;RJ;UNIÃO;6496,00;44520,88;0,00;104435,00;0,00;1516,22;1717,44;0,00;0,00;0,0;0,00;17339,19;120000,00;39847,49;0,00;0,00;1995,00;0,00;0;0
Major Fabiana;RJ;PL;13410,58;35369,26;0,00;23100,00;0,00;12,37;43,65;0,00;748,35;0,0;212,08;0,00;77150,00;96011,19;0,00;0,00;0,00;0,00;0;0
Daniela do Waguinho;RJ;UNIÃO;39408,19;2003,34;8000,00;93000,00;0,00;1108,91;389,32;0,00;0,00;0,0;0,00;83398,23;58250,00;19393,64;0,00;0,00;0,00;0,00;0;0
Carlos Jordy;RJ;PL;43020,54;46738,41;0,00;0,00;0,00;2585,01;0,00;0,00;0,00;0,0;206,80;4078,16;40000,00;56673,37;0,00;0,00;0,00;0,00;0;0
Paulo Ganime;RJ;NOVO;174,15;3078,89;0,00;4178,65;454,98;25,05;0,00;0,00;2098,90;0,0;382,24;2575,80;1745,46;23700,13;0,00;0,00;0,00;0,00;0;0
Chris Tonietto;RJ;PL;23993,67;11029,28;0,00;0,00;4345,66;604,75;1734,85;0,00;6400,00;0,0;0,00;3479,72;6678,12;49288,75;554,12;17925,27;0,00;0,00;0;0
Talíria Petrone;RJ;PSOL;76661,19;16618,54;43400,00;7650,00;13305,63;43,45;742,56;0,00;0,00;0,0;6010,96;21787,86;32250,00;53427,94;676,81;0,00;1360,00;0,00;0;0
Haroldo Cathedral;RR;PSD;16445,53;2934,65;0,00;158300,00;0,00;1403,91;0,00;0,00;0,00;0,0;0,00;0,00;0,00;24002,76;0,00;0,00;0,00;0,00;0;0
Tereza Nelma;AL;PSD;74205,43;56219,39;0,00;100505,31;0,00;9620,64;1112,82;0,00;9173,40;0,0;1616,29;12726,99;0,00;63728,75;0,00;35700,00;0,00;0,00;0;0
Professora Rosa Neide;MT;PT;67212,20;44166,73;0,00;120990,00;2867,36;10915,41;1304,61;2449,59;14414,10;0,0;0,00;918,90;43699,00;44088,83;157,69;2442,00;0,00;0,00;0;0
Joenia Wapichana;RR;REDE;50493,01;27611,08;81300,00;41026,67;4465,65;5942,88;1003,35;0,00;4499,25;0,0;586,21;3767,39;93400,00;88500,48;0,00;0,00;0,00;0,00;0;0
Mara Rocha;AC;MDB;28412,34;57720,49;0,00;221005,37;4763,50;6533,52;124,53;0,00;320,00;0,0;0,00;2337,33;60260,00;53829,27;0,00;0,00;0,00;0,00;0;0
José Medeiros;MT;PL;59240,36;37849,94;0,00;75000,00;210606,87;5723,89;90,01;0,00;9281,35;0,0;3801,71;0,00;25492,60;1381,20;319,88;0,00;0,00;0,00;0;0
General Girão;RN;PL;92440,39;32859,35;10000,00;77593,92;0,00;8010,95;1482,64;1687,37;7220,10;0,0;4420,95;1333,15;51191,00;66488,53;0,00;0,00;0,00;0,00;0;0
Juarez Costa;MT;MDB;44869,85;21962,70;0,00;64250,00;0,00;2512,66;0,00;459,10;13761,35;0,0;0,00;1044,57;109600,00;28465,64;112,50;0,00;0,00;0,00;0;0
Ottaci Nascimento;RR;SOLIDARIEDADE;49000,00;0,00;67000,00;33000,00;0,00;3,99;0,00;0,00;0,00;0,0;0,00;10562,01;70000,00;139152,02;0,00;0,00;0,00;0,00;0;0
Chiquinho Brazão;RJ;UNIÃO;642,00;56458,31;0,00;151300,00;0,00;994,38;1784,26;0,00;0,00;0,0;999,52;53889,44;27900,00;0,00;0,00;0,00;0,00;0,00;0;0
Felício Laterça;RJ;PP;16492,71;36114,60;0,00;110000,00;0,00;9865,14;294,35;1067,23;17713,61;0,0;3099,10;13996,98;94140,00;23094,76;0,00;18500,00;0,00;0,00;0;0
Vinicius Farah;RJ;UNIÃO;2258,52;13400,71;115300,00;0,00;0,00;40,28;34,61;530,99;0,00;0,0;390,20;14744,41;0,00;53073,88;0,00;0,00;0,00;0,00;0;0
Nicoletti;RR;UNIÃO;44719,88;36630,54;0,00;154556,00;3095,49;5135,49;0,00;0,00;1236,14;0,0;0,00;601,90;65400,00;56048,00;0,00;0,00;1486,00;0,00;0;0
Rogério Correia;MG;PT;83061,10;55600,52;13420,00;46842,75;0,00;12547,36;488,57;2269,34;7335,84;0,0;827,46;0,00;55400,00;25295,51;189,99;0,00;409,20;0,00;0;0
Dr. Jaziel;CE;PL;9388,00;0,00;5000,00;24000,00;0,00;35,84;0,00;0,00;0,00;0,0;0,00;68294,50;70000,00;147372,98;0,00;0,00;0,00;0,00;0;0
Euclydes Pettersen;MG;PSC;851,90;112691,81;72000,00;64740,00;3945,94;52,33;0,00;0,00;3348,65;0,0;0,00;0,00;6950,00;18373,52;0,00;0,00;0,00;0,00;0;0
Vilson da Fetaemg;MG;PSB;384,70;22490,17;50000,00;13840,00;0,00;11897,97;808,20;0,00;1051,36;0,0;2851,00;87759,76;52530,96;0,00;0,00;0,00;0,00;0,00;0;0
General Peternelli;SP;UNIÃO;34600,83;22823,98;0,00;4480,00;0,00;8308,22;12963,14;1426,38;4366,35;0,0;3615,53;0,00;20050,00;90396,12;3709,00;2400,00;0,00;0,00;0;0
Luiz Carlos Motta;SP;PL;12799,30;25666,27;0,00;75718,48;0,00;24,03;207,65;222,47;0,00;0,0;0,00;0,00;39486,68;43105,21;0,00;0,00;900,00;0,00;0;0
Mauro Benevides Filho;CE;PDT;26652,64;0,00;0,00;78000,00;0,00;16,28;156,90;0,00;0,00;0,0;0,00;4987,31;0,00;140030,11;0,00;0,00;0,00;0,00;0;0
Capitão Wagner;CE;UNIÃO;2061,15;21704,94;20000,00;24500,00;0,00;8071,33;929,17;0,00;1058,96;0,0;0,00;0,00;18900,00;21092,98;0,00;0,00;0,00;0,00;0;0
Célio Studart;CE;PSD;19197,68;3850,04;61000,00;113120,09;0,00;23,18;32807,19;0,00;0,00;0,0;0,00;342,56;0,00;90238,53;0,00;0,00;0,00;0,00;0;0
Robério Monteiro;CE;PDT;2551,80;2894,58;54000,00;88000,00;0,00;4085,46;405,71;0,00;0,00;0,0;0,00;0,00;36918,00;99421,40;0,00;0,00;0,00;0,00;0;0
Charlles Evangelista;MG;PP;62449,39;42637,45;0,00;5000,00;0,00;5317,79;71,59;0,00;3879,10;0,0;3218,27;95531,17;34841,66;19574,95;0,00;1272,00;0,00;0,00;0;0
Gilberto Abramo;MG;REPUBLICANOS;396,80;19425,60;0,00;36850,00;0,00;3934,00;4049,14;324,74;0,00;0,0;1093,75;446,44;104304,99;46180,40;0,00;0,00;0,00;0,00;0;0
Paulo Guedes;MG;PT;46776,62;39650,92;0,00;74000,00;0,00;1060,66;748,71;0,00;4625,87;0,0;110,00;15863,15;103140,00;28257,79;0,00;0,00;0,00;0,00;0;0
Fred Costa;MG;PATRIOTA;84478,39;27008,31;32000,00;40317,00;0,00;5308,80;4284,62;0,00;496,31;0,0;139,20;6733,38;38716,07;46321,58;0,00;0,00;0,00;0,00;0;0
Airton Faleiro;PA;PT;0,00;9306,88;10000,00;75380,00;0,00;10748,02;425,59;0,00;1606,50;0,0;64,11;0,00;69650,00;136156,96;0,00;0,00;0,00;0,00;0;0
Celso Sabino;PA;UNIÃO;4896,96;34646,77;0,00;81595,15;5256,27;27,10;770,11;0,00;18197,69;0,0;0,00;4516,71;49070,26;137108,34;316,00;0,00;0,00;0,00;0;0
Júnior Ferrari;PA;PSD;0,00;18986,93;0,00;23200,00;0,00;1114,73;81,72;0,00;0,00;0,0;0,00;12906,50;0,00;38373,35;0,00;0,00;0,00;0,00;0;0
Olival Marques;PA;MDB;0,00;8075,78;149000,00;115000,00;0,00;49,46;761,69;0,00;0,00;0,0;0,00;13448,51;0,00;63014,85;0,00;0,00;0,00;0,00;0;0
Cássio Andrade;PA;PSB;11575,09;43563,84;90000,00;90000,00;0,00;525,00;185,69;0,00;1461,00;0,0;0,00;1191,15;0,00;64317,12;0,00;0,00;0,00;0,00;0;0
Eduardo Costa;PA;PSD;965,83;21680,15;50000,00;171759,63;0,00;468,01;137,12;0,00;0,00;0,0;0,00;0,00;0,00;84773,63;0,00;0,00;0,00;0,00;0;0
Alencar Santana;SP;PT;55110,73;37480,96;0,00;101260,00;0,00;1432,36;441,13;0,00;396,00;0,0;3083,89;0,00;44700,00;29082,61;0,00;0,00;0,00;0,00;0;0
Bozzella;SP;UNIÃO;76180,74;26501,11;0,00;30115,66;7594,62;9705,41;261,50;0,00;0,00;0,0;2099,53;2975,93;100000,00;56502,02;0,00;0,00;0,00;0,00;0;0
Alexandre Padilha;SP;PT;12226,06;36008,70;55300,00;116800,00;0,00;1115,03;1342,42;2365,27;7015,38;0,0;5564,11;30945,01;1192,25;12360,66;1098,97;0,00;0,00;0,00;0;0
Cezinha de Madureira;SP;PSD;32428,14;25859,56;37500,00;51250,00;5578,24;9732,50;511,46;0,00;0,00;0,0;32,97;6877,38;78645,60;70469,93;0,00;0,00;3670,00;0,00;0;0
Vavá Martins;PA;REPUBLICANOS;41854,31;25014,12;0,00;45000,00;2614,92;1084,19;634,59;0,00;9577,00;0,0;0,00;1938,95;14040,00;93090,16;0,00;0,00;0,00;0,00;0;0
Marcos Pereira;SP;REPUBLICANOS;5621,50;3998,43;0,00;75000,00;0,00;1808,41;590,45;0,00;1411,97;0,0;0,00;56189,84;0,00;26403,41;0,00;0,00;0,00;0,00;0;0
Carla Zambelli;SP;PL;73552,37;21173,90;0,00;51663,86;0,00;15220,75;993,27;349,47;9300,91;0,0;2106,51;0,00;15750,00;60507,54;258,39;0,00;6535,50;0,00;0;0
Igor Timo;MG;PODE;129335,94;50746,35;4193,00;62296,59;4110,17;8229,77;943,97;0,00;46278,15;0,0;284,00;45310,30;0,00;5855,85;437,97;0,00;0,00;0,00;0;0
Áurea Carolina;MG;PSOL;67624,40;25426,01;13720,00;15850,00;11555,14;3396,57;0,00;0,00;8122,19;0,0;3041,05;4975,13;48052,71;90110,27;982,10;2843,26;1665,00;0,00;0;0
Franco Cartafina;MG;PP;37291,06;38635,60;88200,00;63578,46;0,00;7996,23;0,00;1152,41;17600,88;0,0;2706,24;0,00;51944,00;5488,71;533,08;2391,00;380,00;0,00;0;0
David Soares;SP;UNIÃO;1526,95;16590,57;0,00;31787,50;0,00;10594,86;202,29;2721,61;4931,23;0,0;1946,22;0,00;40770,87;72054,58;0,00;0,00;0,00;0,00;0;0
Delegado Marcelo Freitas;MG;UNIÃO;62311,72;42908,37;0,00;42459,77;0,00;2129,26;15422,79;87,50;5564,08;0,0;3592,03;31,37;92812,00;18429,12;1504,47;0,00;0,00;0,00;0;0
Guiga Peixoto;SP;PSC;54920,06;33483,64;67980,00;22700,00;0,00;3755,01;0,00;3167,95;374,70;0,0;9161,43;0,00;36789,17;14618,98;0,00;0,00;0,00;0,00;0;0
Coronel Tadeu;SP;PL;47931,04;41990,82;18000,00;125668,00;0,00;11781,50;16815,91;87,52;140,00;0,0;11593,46;0,00;0,00;49938,67;350,86;0,00;0,00;0,00;0;0
André Janones;MG;AVANTE;0,00;35782,16;150000,00;45780,05;0,00;4,60;877,94;0,00;3315,65;0,0;3200,00;0,00;50500,00;3350,88;0,00;7875,00;0,00;0,00;0;0
Alexis Fonteyne;SP;NOVO;26685,32;3773,87;90700,00;37500,00;0,00;1112,14;0,00;577,45;0,00;0,0;3885,50;0,00;0,00;8868,88;0,00;0,00;0,00;0,00;0;0
Zé Vitor;MG;PL;14559,40;46642,56;20500,00;122425,00;0,00;298,41;143,28;0,00;2950,04;0,0;0,00;3026,30;3192,00;16823,34;0,00;0,00;0,00;0,00;0;0
Dr. Frederico;MG;PATRIOTA;64231,53;48535,86;0,00;80500,00;0,00;4609,08;411,22;0,00;4865,38;0,0;662,26;1925,33;72545,00;31535,61;0,00;665,50;0,00;0,00;0;0
Tiago Mitraud;MG;NOVO;3622,44;1438,90;2467,72;6021,60;0,00;6,60;63,21;0,00;1769,68;0,0;2377,85;0,00;471,74;9413,33;0,00;0,00;0,00;0,00;0;0
Junio Amaral;MG;PL;30072,19;43836,40;38000,00;2400,00;0,00;912,95;1546,76;0,00;8623,74;0,0;1230,75;0,00;40312,53;12475,81;1087,15;0,00;0,00;0,00;0;0
Abou Anni;SP;UNIÃO;69751,21;17776,75;0,00;58720,00;22053,44;4039,33;120662,00;4190,81;52,00;0,0;4997,17;0,00;0,00;0,00;0,00;0,00;0,00;0,00;0;0
Marco Bertaiolli;SP;PSD;32786,05;23775,19;0,00;73245,47;0,00;1727,11;781,73;0,00;0,00;0,0;0,00;73974,14;0,00;0,00;0,00;0,00;0,00;0,00;0;0
Lucas Gonzalez;MG;NOVO;0,00;20632,71;38000,00;48000,00;0,00;28,18;0,00;0,00;290,00;0,0;694,00;3528,04;0,00;23123,36;0,00;0,00;0,00;0,00;0;0
Pinheirinho;MG;PP;7486,50;51511,29;0,00;107615,82;0,00;69,22;90,00;57,33;1988,00;0,0;699,64;1606,06;72430,00;49393,59;0,00;0,00;0,00;0,00;0;0
Rosana Valle;SP;PL;118482,27;19128,99;10500,00;54745,00;0,00;520,96;18546,46;0,00;0,00;0,0;7678,03;0,00;30773,25;76516,80;0,00;0,00;0,00;0,00;0;0
Luiz Philippe de Orleans e Bragança;SP;PL;0,00;0,00;1572,90;85969,31;0,00;1112,36;21,02;0,00;3250,61;0,0;5729,12;1610,38;0,00;124407,17;0,00;0,00;0,00;0,00;0;0
Geninho Zuliani;SP;UNIÃO;51424,18;26620,72;0,00;86165,92;0,00;7301,62;1016,35;1663,29;14361,15;0,0;10159,57;43915,07;37955,00;492,03;0,00;2612,00;0,00;0,00;0;0
Adriana Ventura;SP;NOVO;136,79;0,00;0,00;0,00;0,00;444,99;193,26;0,00;0,00;0,0;1415,96;0,00;0,00;29381,42;0,00;0,00;0,00;0,00;0;0
Policial Katia Sastre;SP;PL;29664,67;43530,81;89340,00;6750,00;3527,82;207,15;2358,16;4370,44;11126,07;0,0;1880,94;64030,25;45921,76;54513,50;0,00;0,00;0,00;0,00;0;0
Rodrigo Agostinho;SP;PSB;1569,50;29454,37;0,00;153449,01;0,00;36,44;0,00;0,00;2460,46;0,0;184,80;29276,82;18325,96;7227,60;0,00;0,00;1500,00;0,00;0;0
Capitão Derrite;SP;PL;69248,31;44984,91;0,00;3999,88;0,00;8227,81;606,20;1731,91;18393,41;0,0;9898,75;39395,41;76448,73;41059,33;0,00;0,00;503,97;0,00;0;0
Vinicius Poit;SP;NOVO;6399,96;0,00;122650,00;0,00;0,00;2,83;0,00;0,00;0,00;0,0;2810,80;1025,80;0,00;36883,85;1207,26;0,00;0,00;0,00;0;0
Idilvan Alencar;CE;PDT;34297,66;41996,44;0,00;127500,28;0,00;4369,73;2807,14;0,00;6409,00;0,0;0,00;212,00;34909,27;78348,86;0,00;4400,00;0,00;0,00;0;0
Tabata Amaral;SP;PSB;30620,94;17194,78;103707,18;7674,25;0,00;1288,23;558,02;0,00;0,00;0,0;12305,12;0,00;19394,28;90185,84;0,00;0,00;0,00;0,00;0;0
Sâmia Bomfim;SP;PSOL;5505,10;8884,51;849,00;112000,00;0,00;38,01;767,99;0,00;0,00;0,0;0,00;12604,41;0,00;96959,13;0,00;75758,66;0,00;0,00;0;0
Kim Kataguiri;SP;UNIÃO;1451,60;0,00;0,00;0,00;752,77;20,89;140,71;0,00;0,00;0,0;0,00;0,00;0,00;199990,40;0,00;0,00;0,00;0,00;0;0
Enrico Misasi;SP;MDB;161552,02;14352,11;0,00;11362,36;0,00;6275,91;282,31;0,00;2424,80;0,0;3218,92;0,00;34191,60;76257,77;993,49;595,00;0,00;0,00;0;0
Paulo Bengtson;PA;PTB;21436,20;16300,95;75000,00;70390,00;707,06;14330,33;272,87;0,00;0,00;0,0;0,00;4400,15;69930,00;56571,96;0,00;0,00;0,00;0,00;0;0
Maria Rosas;SP;REPUBLICANOS;28774,83;14263,49;0,00;20000,00;0,00;3504,48;1017,70;0,00;0,00;0,0;1674,04;0,00;67133,00;54176,41;0,00;0,00;0,00;0,00;0;0
Eduardo Bismarck;CE;PDT;56385,29;40452,48;6000,00;62225,00;1101,33;385,63;901,40;2492,53;11047,63;15944,9;401,00;6672,29;112500,00;68183,87;0,00;0,00;173,70;0,00;0;0
Denis Bezerra;CE;PSB;60829,69;18642,01;16000,00;116500,00;0,00;34,10;639,25;0,00;0,00;0,0;0,00;0,00;90900,00;62089,97;0,00;3636,63;0,00;0,00;0;0
Alexandre Frota;SP;PROS;26505,20;52773,41;55000,00;93600,00;0,00;18775,64;1317,52;0,00;903,47;0,0;8246,39;15823,82;105677,55;10845,93;0,00;0,00;0,00;0,00;0;0
Alê Silva;MG;REPUBLICANOS;63700,59;50713,12;0,00;79353,50;0,00;859,95;0,00;0,00;16245,71;0,0;2005,90;0,00;30556,48;14648,43;88,60;0,00;0,00;0,00;0;0
Joice Hasselmann;SP;PSDB;40187,16;16368,90;0,00;130014,84;0,00;14435,97;198,41;0,00;1368,15;0,0;2246,20;4046,79;0,00;90371,87;0,00;0,00;0,00;0,00;0;0
Léo Motta;MG;REPUBLICANOS;32060,00;51167,84;20000,00;23600,00;0,00;2195,20;433,41;6743,50;10864,91;0,0;3301,46;395,65;109920,00;28285,66;139,99;0,00;0,00;0,00;0;0
Heitor Freire;CE;UNIÃO;116027,36;42530,68;186550,00;30150,00;3912,90;528,61;2202,55;0,00;0,00;0,0;0,00;0,00;0,00;45155,09;0,00;0,00;0,00;0,00;0;0
AJ Albuquerque;CE;PP;4787,10;32780,31;6000,00;130307,50;0,00;3272,71;240,30;0,00;0,00;0,0;0,00;0,00;35900,00;72768,84;0,00;0,00;0,00;254,52;0;0
Júnior Mano;CE;PL;0,00;0,00;101000,00;35000,00;0,00;3210,14;274,79;0,00;532,00;14283,9;0,00;13763,89;11400,00;92847,80;0,00;0,00;0,00;0,00;0;0
Bosco Saraiva;AM;SOLIDARIEDADE;85254,11;10865,72;60000,00;118415,00;0,00;3168,61;11498,62;0,00;0,00;0,0;0,00;6823,36;42000,00;47200,62;0,00;0,00;0,00;0,00;54500;0
Pastor Sargento Isidório;BA;AVANTE;4371,00;42001,42;0,00;0,00;1125,71;3636,39;880,66;0,00;0,00;0,0;0,00;4112,46;10900,00;57412,19;0,00;0,00;0,00;0,00;0;0
Abílio Santana;BA;PSC;7554,54;26295,04;22500,00;60000,00;3351,68;1,02;1026,61;247,79;0,00;0,0;0,00;748,44;80000,00;45622,07;0,00;0,00;0,00;0,00;0;0
José Ricardo;AM;PT;81738,15;49361,57;23555,60;87015,00;0,00;15555,48;1730,34;508,17;5930,00;0,0;574,37;0,00;27253,95;76713,87;9240,00;0,00;1455,58;0,00;0;0
Marcelo Ramos;AM;PSD;58066,66;21864,85;53600,00;42800,00;0,00;4437,19;0,00;0,00;2309,44;17000,0;0,00;0,00;20000,00;170069,16;0,00;0,00;465,00;0,00;0;0
Sidney Leite;AM;PSD;0,00;22895,12;0,00;20000,00;0,00;52,81;800,36;0,00;0,00;97675,0;0,00;13565,89;33900,00;81004,27;0,00;0,00;0,00;0,00;0;0
Marcelo Nilo;BA;REPUBLICANOS;84532,19;58022,23;0,00;46743,83;0,00;6165,43;586,56;4582,88;0,00;0,0;0,00;50722,26;116800,00;0,00;0,00;0,00;0,00;0,00;0;0
Zé Neto;BA;PT;104152,75;52557,01;0,00;84957,98;0,00;12137,32;5319,18;1061,21;0,00;0,0;2029,23;13549,96;0,00;48611,91;744,74;0,00;1032,00;0,00;0;0
Adolfo Viana;BA;PSDB;5117,50;8813,64;50000,00;38000,00;2930,45;5194,54;96,00;0,00;0,00;72050,3;0,00;0,00;75000,00;63182,94;0,00;0,00;0,00;0,00;0;0
Bira do Pindaré;MA;PSB;50277,13;45241,40;40000,00;116636,53;37258,64;8791,84;6,40;0,00;10676,20;0,0;1607,91;0,00;21940,77;50032,33;2025,50;0,00;3294,38;0,00;0;0
Edilázio Júnior;MA;PSD;33957,60;54945,31;28000,00;53450,00;0,00;7409,51;953,79;0,00;2921,50;0,0;0,00;0,00;18000,00;70166,96;0,00;0,00;0,00;0,00;0;0
Josimar Maranhãozinho;MA;PL;0,00;14595,01;40000,00;55200,00;0,00;9,19;833,46;0,00;0,00;0,0;0,00;5385,81;0,00;44405,86;0,00;0,00;0,00;0,00;0;0
Igor Kannário;BA;UNIÃO;30642,54;2602,03;66000,00;122390,00;0,00;975,58;3117,75;0,00;0,00;0,0;0,00;5367,50;36000,00;42592,95;0,00;0,00;0,00;0,00;0;0
Professora Dayane Pimentel;BA;UNIÃO;42197,44;16340,76;0,00;22800,00;2106,90;282,01;1455,58;0,00;1616,98;0,0;0,00;43276,24;82880,00;5975,37;0,00;0,00;1077,05;0,00;0;0
Marreca Filho;MA;PATRIOTA;136,20;33826,53;200000,00;101888,00;1787,17;6810,77;2777,52;0,00;1193,32;0,0;0,00;2132,71;3999,84;64547,36;0,00;0,00;0,00;0,00;0;0
Raimundo Costa;BA;PODE;0,00;53911,00;51230,00;82016,00;0,00;1070,04;2213,16;6378,37;7747,00;0,0;0,00;42618,74;120000,00;13026,09;5934,23;0,00;0,00;0,00;0;0
Delegado Pablo;AM;UNIÃO;14803,20;10949,39;42000,00;54455,00;18705,91;9172,61;1139,89;0,00;531,50;66000,0;16,65;8135,12;44920,16;142172,92;0,00;0,00;0,00;0,00;0;0
Pastor Gil;MA;PL;0,00;34791,46;26100,00;122500,00;0,00;3853,82;3292,52;0,00;0,00;0,0;0,00;0,00;48480,56;73910,23;0,00;0,00;0,00;0,00;0;0
Alex Santana;BA;REPUBLICANOS;623,39;21790,42;88320,00;48580,00;0,00;194,41;63,81;0,00;0,00;0,0;0,00;3911,90;88631,50;87433,66;0,00;0,00;0,00;0,00;0;0
Capitão Alberto Neto;AM;PL;13426,61;13688,00;0,00;66742,00;0,00;13777,71;529,69;0,00;0,00;0,0;0,00;1364,47;0,00;123500,75;0,00;0,00;0,00;0,00;0;10000
Otto Alencar Filho;BA;PSD;47976,61;60839,68;40000,00;12350,00;0,00;5822,47;2954,89;1202,31;3033,00;0,0;0,00;7252,81;93596,67;42713,18;0,00;0,00;0,00;0,00;0;0
Junior Lourenço;MA;PL;94578,40;21599,50;90000,00;3000,00;0,00;7584,36;1067,03;0,00;0,00;0,0;0,00;4485,46;0,00;94597,80;0,00;0,00;0,00;0,00;0;0
Gil Cutrim;MA;REPUBLICANOS;0,00;8933,37;22000,00;177539,00;0,00;5442,80;0,00;0,00;0,00;0,0;0,00;1336,87;119000,00;67054,14;0,00;0,00;0,00;0,00;0;0
João Roma;BA;PL;71194,13;32972,59;0,00;7000,00;0,00;43,63;0,00;0,00;0,00;0,0;0,00;0,00;0,00;105568,46;0,00;0,00;0,00;0,00;0;0
Charles Fernandes;BA;PSD;437,00;63807,10;44000,00;71500,00;0,00;6275,21;248,18;1768,61;0,00;0,0;0,00;2276,39;115512,69;19938,74;0,00;0,00;0,00;0,00;0;0
Patricia Ferraz;AP;PODE;33,70;2192,84;30000,00;15000,00;0,00;0,86;249,43;0,00;1556,61;0,0;312,67;0,00;4580,00;1369,37;0,00;0,00;0,00;0,00;0;0
David Miranda;RJ;PDT;11452,50;9331,91;3400,00;158275,60;0,00;404,96;1524,62;0,00;0,00;0,0;18,00;4338,37;4900,00;56850,26;0,00;0,00;0,00;0,00;0;0
Jorge Braz;RJ;REPUBLICANOS;54450,33;14423,65;96000,00;30000,00;3111,41;1801,40;144,60;1606,65;1950,30;0,0;0,00;0,00;90000,00;45901,09;0,00;0,00;0,00;0,00;0;0
Marcelo Brum;RS;REPUBLICANOS;10460,94;11541,66;13330,00;23400,00;0,00;2106,94;710,49;0,00;0,00;0,0;0,00;0,00;21685,65;33919,37;0,00;0,00;0,00;0,00;0;0
Reinhold Stephanes Junior;PR;PSD;9722,24;5758,84;45000,00;23800,00;0,00;2470,61;399,85;385,80;467,37;0,0;1218,91;0,00;0,00;25961,64;0,00;0,00;0,00;0,00;0;0
Ted Conti;ES;PSB;18959,69;5404,90;28500,00;35340,00;0,00;449,11;109,51;0,00;950,40;0,0;0,00;1675,64;13800,00;0,00;0,00;0,00;0,00;0,00;0;0
Bia Cavassa;MS;PSDB;3155,85;12470,28;0,00;71700,00;0,00;1099,24;432,31;0,00;0,00;0,0;0,00;14542,17;23428,02;902,88;450,00;0,00;0,00;0,00;0;0
Joseildo Ramos;BA;PT;77165,11;48898,49;72000,00;88546,60;3798,90;1102,27;60,39;2476,85;7868,04;0,0;0,00;17605,27;44982,00;27353,11;0,00;0,00;0,00;0,00;0;0
Ricardo Silva;SP;PSD;35042,81;50580,56;40000,00;23184,37;37584,04;17057,98;1420,98;4172,81;0,00;0,0;4713,46;0,00;71100,00;13833,56;0,00;0,00;0,00;0,00;0;0
Carla Dickson;RN;UNIÃO;35997,25;14456,23;53836,00;76120,10;0,00;4706,24;13646,77;0,00;0,00;0,0;0,00;15815,53;10500,00;67141,21;0,00;0,00;0,00;0,00;0;0
Dr. Agripino Magalhães;CE;UNIÃO;121,00;17528,05;67000,00;0,00;2943,23;1179,31;52,56;0,00;0,00;0,0;0,00;13060,59;38100,00;22808,30;0,00;0,00;0,00;50,00;0;0
RRenato Queiroz;RR;PSD;0,00;6360,51;6500,00;133500,00;0,00;3,84;0,00;0,00;0,00;0,0;0,00;0,00;0,00;30716,68;0,00;0,00;0,00;0,00;0;0
Joceval Rodrigues;BA;CIDADANIA;0,00;200,00;12200,00;0,00;0,00;0,98;235,96;0,00;0,00;0,0;0,00;0,00;32500,00;8619,77;0,00;0,00;0,00;0,00;0;0
Ricardo da Karol;RJ;PDT;994,70;19630,70;0,00;126950,00;4613,66;26,39;404,13;0,00;0,00;0,0;7477,16;0,00;0,00;78999,30;0,00;0,00;0,00;0,00;0;0
Josivaldo JP;MA;PSD;0,00;15872,09;20000,00;154490,00;0,00;1044,47;1146,25;0,00;0,00;0,0;0,00;0,00;0,00;86953,73;0,00;0,00;0,00;0,00;0;0
Vivi Reis;PA;PSOL;2580,00;22263,36;85055,42;37795,00;0,00;8,08;51,91;0,00;9262,75;0,0;287,41;0,00;9797,87;104938,64;3856,87;85000,00;0,00;0,00;0;0
Pedro Augusto Palareti;RJ;PP;222988,23;21501,22;0,00;38442,82;2017,94;8458,66;463,17;3640,19;0,00;0,0;7760,00;1854,02;25524,67;27677,02;0,00;0,00;0,00;0,00;0;0
Paulo Vicente Caleffi;RS;PSD;20199,00;11890,81;0,00;9180,00;0,00;2076,54;148,54;0,00;901,66;0,0;215,80;0,00;37500,00;20994,56;0,00;0,00;0,00;0,00;0;0
Pedro Dalua;AP;PSC;12000,00;2856,83;29600,00;39676,00;0,00;1,22;0,00;0,00;0,00;0,0;0,00;0,00;6000,00;46461,47;0,00;0,00;0,00;0,00;0;0
Jones Moura;RJ;PSD;126118,97;26465,78;0,00;43509,88;1071,23;489,75;1370,14;12332,59;1569,50;0,0;15571,02;8694,52;54990,47;44847,93;0,00;0,00;0,00;0,00;0;0
Ely Santos;SP;REPUBLICANOS;0,00;6154,10;20000,00;15000,00;0,00;1475,31;463,52;0,00;0,00;0,0;0,00;0,00;8400,00;6169,64;0,00;0,00;0,00;0,00;0;0
Jorielson;AP;PL;48053,80;1845,36;11500,00;52000,00;0,00;1058,31;0,00;0,00;0,00;0,0;0,00;2736,67;11824,22;23893,66;0,00;0,00;0,00;0,00;33950;0
Patrick Dorneles;PB;PSD;407,60;4289,02;6000,00;31107,67;1545,52;24,63;56,28;148,74;670,00;0,0;0,00;0,00;6000,00;0,00;0,00;0,00;0,00;0,00;0;0
Nelho Bezerra;CE;UNIÃO;559,70;27149,68;21350,00;12000,00;0,00;331,84;1364,79;1541,61;1399,74;0,0;0,00;30644,30;14100,00;52907,51;0,00;0,00;0,00;0,00;0;0
Tiago Andrino;TO;PSB;5659,59;11025,69;8000,00;0,00;0,00;13,55;88,49;976,21;219,90;0,0;0,00;0,00;28585,05;42958,28;0,00;0,00;0,00;0,00;0;0
Marco Brasil;PR;PP;20841,30;15836,58;15000,00;11000,00;966,33;18,13;205,78;1123,14;861,00;0,0;122,00;3836,63;40680,00;2519,89;0,00;0,00;0,00;0,00;0;0
Lucas Follador;RO;PSC;0,00;4102,70;0,00;0,00;2159,42;3,81;156,07;0,00;0,00;0,0;0,00;0,00;0,00;43251,40;0,00;0,00;0,00;0,00;0;0
Sargento Alexandre;SP;PODE;11560,00;18726,71;20000,00;0,00;0,00;15,09;55,67;1324,75;0,00;0,0;357,20;0,00;3751,94;31919,32;0,00;0,00;0,00;0,00;0;0
Eliza Virgínia;PB;PP;30850,80;6139,23;15000,00;25000,00;0,00;356,59;1196,28;1486,04;1322,00;0,0;0,00;0,00;25000,00;6025,22;0,00;0,00;0,00;0,00;0;0
